"US general imports, monthly, HS10 line items. Source: US Census Bureau international trade API (api.census.gov), pulled 2026-09. Unit value = customs value / quantity. Customs value excludes duty, freight and insurance.",,,,,,,,,,,
month,hts10,commodity,group,census_description,customs_value_usd,quantity,unit,unit_value_usd_per_unit,china_value_usd,china_quantity,china_share_of_value_pct
2023-01,2804800000,arsenic,control (never restricted),ARSENIC,327438,118136,KG,2.7717,,,
2023-02,2804800000,arsenic,control (never restricted),ARSENIC,90090,10940,KG,8.2349,,,
2023-03,2804800000,arsenic,control (never restricted),ARSENIC,127967,80325,KG,1.5931,,,
2023-04,2804800000,arsenic,control (never restricted),ARSENIC,71719,40183,KG,1.7848,,,
2023-05,2804800000,arsenic,control (never restricted),ARSENIC,221687,85046,KG,2.6067,,,
2023-06,2804800000,arsenic,control (never restricted),ARSENIC,56619,20596,KG,2.749,,,
2023-07,2804800000,arsenic,control (never restricted),ARSENIC,144644,60074,KG,2.4078,,,
2023-08,2804800000,arsenic,control (never restricted),ARSENIC,17653,108,KG,163.4537,,,
2023-09,2804800000,arsenic,control (never restricted),ARSENIC,171774,47057,KG,3.6503,,,
2023-10,2804800000,arsenic,control (never restricted),ARSENIC,188654,63878,KG,2.9533,,,
2023-11,2804800000,arsenic,control (never restricted),ARSENIC,75778,40159,KG,1.8869,,,
2023-12,2804800000,arsenic,control (never restricted),ARSENIC,144718,83834,KG,1.7262,,,
2024-01,2804800000,arsenic,control (never restricted),ARSENIC,197089,66236,KG,2.9756,,,
2024-02,2804800000,arsenic,control (never restricted),ARSENIC,101101,40336,KG,2.5065,,,
2024-03,2804800000,arsenic,control (never restricted),ARSENIC,52363,4233,KG,12.3702,,,
2024-04,2804800000,arsenic,control (never restricted),ARSENIC,162867,80502,KG,2.0231,,,
2024-05,2804800000,arsenic,control (never restricted),ARSENIC,58595,60064,KG,0.9755,,,
2024-06,2804800000,arsenic,control (never restricted),ARSENIC,0,0,KG,,,,
2024-07,2804800000,arsenic,control (never restricted),ARSENIC,110124,60108,KG,1.8321,,,
2024-08,2804800000,arsenic,control (never restricted),ARSENIC,160985,7141,KG,22.5438,,,
2024-09,2804800000,arsenic,control (never restricted),ARSENIC,138019,20768,KG,6.6458,,,
2024-10,2804800000,arsenic,control (never restricted),ARSENIC,64562,40088,KG,1.6105,,,
2024-11,2804800000,arsenic,control (never restricted),ARSENIC,96301,58098,KG,1.6576,,,
2024-12,2804800000,arsenic,control (never restricted),ARSENIC,215834,95387,KG,2.2627,,,
2025-01,2804800000,arsenic,control (never restricted),ARSENIC,189780,40182,KG,4.723,,,
2025-02,2804800000,arsenic,control (never restricted),ARSENIC,303616,177425,KG,1.7112,,,
2025-03,2804800000,arsenic,control (never restricted),ARSENIC,190243,40742,KG,4.6695,,,
2025-04,2804800000,arsenic,control (never restricted),ARSENIC,234085,39670,KG,5.9008,,,
2025-05,2804800000,arsenic,control (never restricted),ARSENIC,155447,40336,KG,3.8538,,,
2025-06,2804800000,arsenic,control (never restricted),ARSENIC,233939,45874,KG,5.0996,,,
2025-07,2804800000,arsenic,control (never restricted),ARSENIC,129349,45002,KG,2.8743,,,
2025-08,2804800000,arsenic,control (never restricted),ARSENIC,223291,38908,KG,5.7389,,,
2025-09,2804800000,arsenic,control (never restricted),ARSENIC,187198,60648,KG,3.0866,,,
2025-10,2804800000,arsenic,control (never restricted),ARSENIC,182868,20568,KG,8.8909,,,
2025-11,2804800000,arsenic,control (never restricted),ARSENIC,180252,77072,KG,2.3387,,,
2025-12,2804800000,arsenic,control (never restricted),ARSENIC,143531,39384,KG,3.6444,,,
2026-01,2804800000,arsenic,control (never restricted),ARSENIC,185897,69728,KG,2.666,,,
2026-02,2804800000,arsenic,control (never restricted),ARSENIC,194225,40521,KG,4.7932,,,
2026-03,2804800000,arsenic,control (never restricted),ARSENIC,112463,612,KG,183.7631,,,
2026-04,2804800000,arsenic,control (never restricted),ARSENIC,80400,30650,KG,2.6232,,,
2026-05,2804800000,arsenic,control (never restricted),ARSENIC,93814,504,KG,186.1389,,,
2026-06,2804800000,arsenic,control (never restricted),ARSENIC,173053,875,KG,197.7749,,,
2026-07,2804800000,arsenic,control (never restricted),ARSENIC,106198,20481,KG,5.1852,,,
2023-01,2511101000,barite (ground),control (never restricted),NATURAL BARIUM SULFATE (BARYTES) GROUND,2903322,20875,T,139.0813,,,
2023-02,2511101000,barite (ground),control (never restricted),NATURAL BARIUM SULFATE (BARYTES) GROUND,3779418,24415,T,154.799,,,
2023-03,2511101000,barite (ground),control (never restricted),NATURAL BARIUM SULFATE (BARYTES) GROUND,3088005,23147,T,133.4084,,,
2023-04,2511101000,barite (ground),control (never restricted),NATURAL BARIUM SULFATE (BARYTES) GROUND,5988311,38361,T,156.1041,,,
2023-05,2511101000,barite (ground),control (never restricted),NATURAL BARIUM SULFATE (BARYTES) GROUND,3158901,23359,T,135.2327,,,
2023-06,2511101000,barite (ground),control (never restricted),NATURAL BARIUM SULFATE (BARYTES) GROUND,3321362,22956,T,144.6838,,,
2023-07,2511101000,barite (ground),control (never restricted),NATURAL BARIUM SULFATE (BARYTES) GROUND,3128729,22539,T,138.814,,,
2023-08,2511101000,barite (ground),control (never restricted),NATURAL BARIUM SULFATE (BARYTES) GROUND,3414424,22650,T,150.7472,,,
2023-09,2511101000,barite (ground),control (never restricted),NATURAL BARIUM SULFATE (BARYTES) GROUND,2831566,19917,T,142.1683,,,
2023-10,2511101000,barite (ground),control (never restricted),NATURAL BARIUM SULFATE (BARYTES) GROUND,3812456,26067,T,146.256,,,
2023-11,2511101000,barite (ground),control (never restricted),NATURAL BARIUM SULFATE (BARYTES) GROUND,3304834,23041,T,143.4328,,,
2023-12,2511101000,barite (ground),control (never restricted),NATURAL BARIUM SULFATE (BARYTES) GROUND,2781443,18236,T,152.5248,,,
2024-01,2511101000,barite (ground),control (never restricted),NATURAL BARIUM SULFATE (BARYTES) GROUND,3818456,24716,T,154.4933,,,
2024-02,2511101000,barite (ground),control (never restricted),NATURAL BARIUM SULFATE (BARYTES) GROUND,4068540,26977,T,150.8151,,,
2024-03,2511101000,barite (ground),control (never restricted),NATURAL BARIUM SULFATE (BARYTES) GROUND,3382535,24443,T,138.3846,,,
2024-04,2511101000,barite (ground),control (never restricted),NATURAL BARIUM SULFATE (BARYTES) GROUND,6672966,39209,T,170.1897,,,
2024-05,2511101000,barite (ground),control (never restricted),NATURAL BARIUM SULFATE (BARYTES) GROUND,3641360,25946,T,140.3438,,,
2024-06,2511101000,barite (ground),control (never restricted),NATURAL BARIUM SULFATE (BARYTES) GROUND,3566838,25771,T,138.4051,,,
2024-07,2511101000,barite (ground),control (never restricted),NATURAL BARIUM SULFATE (BARYTES) GROUND,3380251,23015,T,146.8716,,,
2024-08,2511101000,barite (ground),control (never restricted),NATURAL BARIUM SULFATE (BARYTES) GROUND,3076651,22638,T,135.9065,,,
2024-09,2511101000,barite (ground),control (never restricted),NATURAL BARIUM SULFATE (BARYTES) GROUND,2934489,22920,T,128.0318,,,
2024-10,2511101000,barite (ground),control (never restricted),NATURAL BARIUM SULFATE (BARYTES) GROUND,2928631,23355,T,125.3963,,,
2024-11,2511101000,barite (ground),control (never restricted),NATURAL BARIUM SULFATE (BARYTES) GROUND,7771937,46777,T,166.1487,,,
2024-12,2511101000,barite (ground),control (never restricted),NATURAL BARIUM SULFATE (BARYTES) GROUND,3290925,24605,T,133.7503,,,
2025-01,2511101000,barite (ground),control (never restricted),NATURAL BARIUM SULFATE (BARYTES) GROUND,7158352,65445,T,109.3797,,,
2025-02,2511101000,barite (ground),control (never restricted),NATURAL BARIUM SULFATE (BARYTES) GROUND,3422729,24634,T,138.9433,,,
2025-03,2511101000,barite (ground),control (never restricted),NATURAL BARIUM SULFATE (BARYTES) GROUND,3319386,25080,T,132.3519,,,
2025-04,2511101000,barite (ground),control (never restricted),NATURAL BARIUM SULFATE (BARYTES) GROUND,4188119,30314,T,138.1579,,,
2025-05,2511101000,barite (ground),control (never restricted),NATURAL BARIUM SULFATE (BARYTES) GROUND,3563263,25917,T,137.4875,,,
2025-06,2511101000,barite (ground),control (never restricted),NATURAL BARIUM SULFATE (BARYTES) GROUND,3610563,26202,T,137.7972,,,
2025-07,2511101000,barite (ground),control (never restricted),NATURAL BARIUM SULFATE (BARYTES) GROUND,4049757,32192,T,125.8001,,,
2025-08,2511101000,barite (ground),control (never restricted),NATURAL BARIUM SULFATE (BARYTES) GROUND,3591937,26035,T,137.9657,,,
2025-09,2511101000,barite (ground),control (never restricted),NATURAL BARIUM SULFATE (BARYTES) GROUND,3640116,26648,T,136.6,,,
2025-10,2511101000,barite (ground),control (never restricted),NATURAL BARIUM SULFATE (BARYTES) GROUND,5295558,39878,T,132.794,,,
2025-11,2511101000,barite (ground),control (never restricted),NATURAL BARIUM SULFATE (BARYTES) GROUND,6124949,45738,T,133.9138,,,
2025-12,2511101000,barite (ground),control (never restricted),NATURAL BARIUM SULFATE (BARYTES) GROUND,8523033,85622,T,99.5426,,,
2026-01,2511101000,barite (ground),control (never restricted),NATURAL BARIUM SULFATE (BARYTES) GROUND,7575187,70663,T,107.2016,,,
2026-02,2511101000,barite (ground),control (never restricted),NATURAL BARIUM SULFATE (BARYTES) GROUND,2405749,17655,T,136.2645,,,
2026-03,2511101000,barite (ground),control (never restricted),NATURAL BARIUM SULFATE (BARYTES) GROUND,7126494,52363,T,136.0979,,,
2026-04,2511101000,barite (ground),control (never restricted),NATURAL BARIUM SULFATE (BARYTES) GROUND,5097528,46115,T,110.5395,,,
2026-05,2511101000,barite (ground),control (never restricted),NATURAL BARIUM SULFATE (BARYTES) GROUND,8613359,61038,T,141.1147,,,
2026-06,2511101000,barite (ground),control (never restricted),NATURAL BARIUM SULFATE (BARYTES) GROUND,4125161,27775,T,148.5206,,,
2026-07,2511101000,barite (ground),control (never restricted),NATURAL BARIUM SULFATE (BARYTES) GROUND,4252852,28518,T,149.1287,,,
2023-01,2511105000,barite (other),control (never restricted),NATURAL BARIUM SULFATE (BARYTES) EXCEPT GROUND,26931034,283048,T,95.1465,,,
2023-02,2511105000,barite (other),control (never restricted),NATURAL BARIUM SULFATE (BARYTES) EXCEPT GROUND,26276819,282355,T,93.0631,,,
2023-03,2511105000,barite (other),control (never restricted),NATURAL BARIUM SULFATE (BARYTES) EXCEPT GROUND,21066367,162014,T,130.0281,,,
2023-04,2511105000,barite (other),control (never restricted),NATURAL BARIUM SULFATE (BARYTES) EXCEPT GROUND,14431345,150285,T,96.0265,,,
2023-05,2511105000,barite (other),control (never restricted),NATURAL BARIUM SULFATE (BARYTES) EXCEPT GROUND,20005203,231022,T,86.5944,,,
2023-06,2511105000,barite (other),control (never restricted),NATURAL BARIUM SULFATE (BARYTES) EXCEPT GROUND,8819243,105980,T,83.2161,,,
2023-07,2511105000,barite (other),control (never restricted),NATURAL BARIUM SULFATE (BARYTES) EXCEPT GROUND,13514021,67528,T,200.1247,,,
2023-08,2511105000,barite (other),control (never restricted),NATURAL BARIUM SULFATE (BARYTES) EXCEPT GROUND,7869190,123526,T,63.7047,,,
2023-09,2511105000,barite (other),control (never restricted),NATURAL BARIUM SULFATE (BARYTES) EXCEPT GROUND,20833130,200406,T,103.9546,,,
2023-10,2511105000,barite (other),control (never restricted),NATURAL BARIUM SULFATE (BARYTES) EXCEPT GROUND,13824534,139435,T,99.1468,,,
2023-11,2511105000,barite (other),control (never restricted),NATURAL BARIUM SULFATE (BARYTES) EXCEPT GROUND,6689306,79956,T,83.6623,,,
2023-12,2511105000,barite (other),control (never restricted),NATURAL BARIUM SULFATE (BARYTES) EXCEPT GROUND,15075020,100911,T,149.3893,,,
2024-01,2511105000,barite (other),control (never restricted),NATURAL BARIUM SULFATE (BARYTES) EXCEPT GROUND,12678845,132861,T,95.4294,,,
2024-02,2511105000,barite (other),control (never restricted),NATURAL BARIUM SULFATE (BARYTES) EXCEPT GROUND,15536863,164250,T,94.5928,,,
2024-03,2511105000,barite (other),control (never restricted),NATURAL BARIUM SULFATE (BARYTES) EXCEPT GROUND,15512323,118256,T,131.1758,,,
2024-04,2511105000,barite (other),control (never restricted),NATURAL BARIUM SULFATE (BARYTES) EXCEPT GROUND,14513674,88555,T,163.8945,,,
2024-05,2511105000,barite (other),control (never restricted),NATURAL BARIUM SULFATE (BARYTES) EXCEPT GROUND,16596389,162444,T,102.1668,,,
2024-06,2511105000,barite (other),control (never restricted),NATURAL BARIUM SULFATE (BARYTES) EXCEPT GROUND,15209085,159560,T,95.3189,,,
2024-07,2511105000,barite (other),control (never restricted),NATURAL BARIUM SULFATE (BARYTES) EXCEPT GROUND,17368688,194259,T,89.41,,,
2024-08,2511105000,barite (other),control (never restricted),NATURAL BARIUM SULFATE (BARYTES) EXCEPT GROUND,2288994,27047,T,84.6302,,,
2024-09,2511105000,barite (other),control (never restricted),NATURAL BARIUM SULFATE (BARYTES) EXCEPT GROUND,20777902,132948,T,156.2859,,,
2024-10,2511105000,barite (other),control (never restricted),NATURAL BARIUM SULFATE (BARYTES) EXCEPT GROUND,11986489,112531,T,106.5172,,,
2024-11,2511105000,barite (other),control (never restricted),NATURAL BARIUM SULFATE (BARYTES) EXCEPT GROUND,14113205,161758,T,87.2489,,,
2024-12,2511105000,barite (other),control (never restricted),NATURAL BARIUM SULFATE (BARYTES) EXCEPT GROUND,1963656,10828,T,181.3498,,,
2025-01,2511105000,barite (other),control (never restricted),NATURAL BARIUM SULFATE (BARYTES) EXCEPT GROUND,20738430,71350,T,290.6577,,,
2025-02,2511105000,barite (other),control (never restricted),NATURAL BARIUM SULFATE (BARYTES) EXCEPT GROUND,7847272,13783,T,569.3443,,,
2025-03,2511105000,barite (other),control (never restricted),NATURAL BARIUM SULFATE (BARYTES) EXCEPT GROUND,14128432,42358,T,333.5481,,,
2025-04,2511105000,barite (other),control (never restricted),NATURAL BARIUM SULFATE (BARYTES) EXCEPT GROUND,12136955,158304,T,76.6687,,,
2025-05,2511105000,barite (other),control (never restricted),NATURAL BARIUM SULFATE (BARYTES) EXCEPT GROUND,16099004,153152,T,105.1178,,,
2025-06,2511105000,barite (other),control (never restricted),NATURAL BARIUM SULFATE (BARYTES) EXCEPT GROUND,8436790,98030,T,86.0633,,,
2025-07,2511105000,barite (other),control (never restricted),NATURAL BARIUM SULFATE (BARYTES) EXCEPT GROUND,22805848,192173,T,118.6735,,,
2025-08,2511105000,barite (other),control (never restricted),NATURAL BARIUM SULFATE (BARYTES) EXCEPT GROUND,10272712,93909,T,109.3901,,,
2025-09,2511105000,barite (other),control (never restricted),NATURAL BARIUM SULFATE (BARYTES) EXCEPT GROUND,18733051,161360,T,116.0948,,,
2025-10,2511105000,barite (other),control (never restricted),NATURAL BARIUM SULFATE (BARYTES) EXCEPT GROUND,13282011,148862,T,89.2237,,,
2025-11,2511105000,barite (other),control (never restricted),NATURAL BARIUM SULFATE (BARYTES) EXCEPT GROUND,4893064,40579,T,120.5812,,,
2025-12,2511105000,barite (other),control (never restricted),NATURAL BARIUM SULFATE (BARYTES) EXCEPT GROUND,25538840,171020,T,149.3325,,,
2026-01,2511105000,barite (other),control (never restricted),NATURAL BARIUM SULFATE (BARYTES) EXCEPT GROUND,22381339,159101,T,140.6738,,,
2026-02,2511105000,barite (other),control (never restricted),NATURAL BARIUM SULFATE (BARYTES) EXCEPT GROUND,23630848,148032,T,159.6334,,,
2026-03,2511105000,barite (other),control (never restricted),NATURAL BARIUM SULFATE (BARYTES) EXCEPT GROUND,8106395,82422,T,98.3523,,,
2026-04,2511105000,barite (other),control (never restricted),NATURAL BARIUM SULFATE (BARYTES) EXCEPT GROUND,5267482,45891,T,114.7825,,,
2026-05,2511105000,barite (other),control (never restricted),NATURAL BARIUM SULFATE (BARYTES) EXCEPT GROUND,18664518,230820,T,80.8618,,,
2026-06,2511105000,barite (other),control (never restricted),NATURAL BARIUM SULFATE (BARYTES) EXCEPT GROUND,4923475,997,T,4938.2899,,,
2026-07,2511105000,barite (other),control (never restricted),NATURAL BARIUM SULFATE (BARYTES) EXCEPT GROUND,11330158,136907,T,82.7581,,,
2023-01,2804500010,boron,control (never restricted),BORON,191146,850,KG,224.8776,,,
2023-02,2804500010,boron,control (never restricted),BORON,314202,1328,KG,236.5979,,,
2023-03,2804500010,boron,control (never restricted),BORON,596708,2653,KG,224.9182,,,
2023-04,2804500010,boron,control (never restricted),BORON,392098,1868,KG,209.9026,,,
2023-05,2804500010,boron,control (never restricted),BORON,190596,886,KG,215.1196,,,
2023-06,2804500010,boron,control (never restricted),BORON,322890,1494,KG,216.1245,,,
2023-07,2804500010,boron,control (never restricted),BORON,313419,1234,KG,253.9862,,,
2023-08,2804500010,boron,control (never restricted),BORON,151080,374,KG,403.9572,,,
2023-09,2804500010,boron,control (never restricted),BORON,360876,1769,KG,204.0,,,
2023-10,2804500010,boron,control (never restricted),BORON,310009,1669,KG,185.7454,,,
2023-11,2804500010,boron,control (never restricted),BORON,238608,1079,KG,221.1381,,,
2023-12,2804500010,boron,control (never restricted),BORON,422797,2027,KG,208.5826,,,
2024-01,2804500010,boron,control (never restricted),BORON,28980,10,KG,2898.0,,,
2024-02,2804500010,boron,control (never restricted),BORON,270547,1345,KG,201.1502,,,
2024-03,2804500010,boron,control (never restricted),BORON,230734,1179,KG,195.7031,,,
2024-04,2804500010,boron,control (never restricted),BORON,298574,2093,KG,142.6536,,,
2024-05,2804500010,boron,control (never restricted),BORON,166689,789,KG,211.2662,,,
2024-06,2804500010,boron,control (never restricted),BORON,175184,892,KG,196.3946,,,
2024-07,2804500010,boron,control (never restricted),BORON,451006,2149,KG,209.8678,,,
2024-08,2804500010,boron,control (never restricted),BORON,259897,1329,KG,195.5583,,,
2024-09,2804500010,boron,control (never restricted),BORON,240747,1196,KG,201.2935,,,
2024-10,2804500010,boron,control (never restricted),BORON,210830,1029,KG,204.8882,,,
2024-11,2804500010,boron,control (never restricted),BORON,158903,747,KG,212.7216,,,
2024-12,2804500010,boron,control (never restricted),BORON,142191,737,KG,192.9322,,,
2025-01,2804500010,boron,control (never restricted),BORON,204130,708,KG,288.3192,,,
2025-02,2804500010,boron,control (never restricted),BORON,123681,799,KG,154.7947,,,
2025-03,2804500010,boron,control (never restricted),BORON,273523,1330,KG,205.6564,,,
2025-04,2804500010,boron,control (never restricted),BORON,24503,38,KG,644.8158,,,
2025-05,2804500010,boron,control (never restricted),BORON,196864,728,KG,270.4176,,,
2025-06,2804500010,boron,control (never restricted),BORON,5597,9,KG,621.8889,,,
2025-07,2804500010,boron,control (never restricted),BORON,128092,595,KG,215.2807,,,
2025-08,2804500010,boron,control (never restricted),BORON,217850,2892,KG,75.3285,,,
2025-09,2804500010,boron,control (never restricted),BORON,171997,783,KG,219.6641,,,
2025-10,2804500010,boron,control (never restricted),BORON,113814,586,KG,194.2218,,,
2025-11,2804500010,boron,control (never restricted),BORON,312369,1547,KG,201.9192,,,
2025-12,2804500010,boron,control (never restricted),BORON,27078,48,KG,564.125,,,
2026-01,2804500010,boron,control (never restricted),BORON,5804,17,KG,341.4118,,,
2026-02,2804500010,boron,control (never restricted),BORON,392229,1787,KG,219.4902,,,
2026-03,2804500010,boron,control (never restricted),BORON,129679,531,KG,244.2166,,,
2026-04,2804500010,boron,control (never restricted),BORON,181977,757,KG,240.3923,,,
2026-05,2804500010,boron,control (never restricted),BORON,275050,1136,KG,242.1215,,,
2026-06,2804500010,boron,control (never restricted),BORON,16993,233,KG,72.9313,,,
2026-07,2804500010,boron,control (never restricted),BORON,212684,1277,KG,166.5497,,,
2023-01,8112210000,chromium (unwrought),control (never restricted),UNWROUGHT CHROMIUM; POWDERS,11208509,848417,KG,13.2111,,,
2023-02,8112210000,chromium (unwrought),control (never restricted),UNWROUGHT CHROMIUM; POWDERS,10021191,889195,KG,11.27,,,
2023-03,8112210000,chromium (unwrought),control (never restricted),UNWROUGHT CHROMIUM; POWDERS,7990870,691762,KG,11.5515,,,
2023-04,8112210000,chromium (unwrought),control (never restricted),UNWROUGHT CHROMIUM; POWDERS,11929298,927600,KG,12.8604,,,
2023-05,8112210000,chromium (unwrought),control (never restricted),UNWROUGHT CHROMIUM; POWDERS,8651438,611183,KG,14.1552,,,
2023-06,8112210000,chromium (unwrought),control (never restricted),UNWROUGHT CHROMIUM; POWDERS,13201647,1045760,KG,12.624,,,
2023-07,8112210000,chromium (unwrought),control (never restricted),UNWROUGHT CHROMIUM; POWDERS,11255065,822118,KG,13.6903,,,
2023-08,8112210000,chromium (unwrought),control (never restricted),UNWROUGHT CHROMIUM; POWDERS,8287934,731004,KG,11.3377,,,
2023-09,8112210000,chromium (unwrought),control (never restricted),UNWROUGHT CHROMIUM; POWDERS,8193973,665831,KG,12.3064,,,
2023-10,8112210000,chromium (unwrought),control (never restricted),UNWROUGHT CHROMIUM; POWDERS,11194210,1006186,KG,11.1254,,,
2023-11,8112210000,chromium (unwrought),control (never restricted),UNWROUGHT CHROMIUM; POWDERS,9056917,769430,KG,11.7709,,,
2023-12,8112210000,chromium (unwrought),control (never restricted),UNWROUGHT CHROMIUM; POWDERS,10243760,966494,KG,10.5989,,,
2024-01,8112210000,chromium (unwrought),control (never restricted),UNWROUGHT CHROMIUM; POWDERS,12662083,1193476,KG,10.6094,,,
2024-02,8112210000,chromium (unwrought),control (never restricted),UNWROUGHT CHROMIUM; POWDERS,13885387,1271392,KG,10.9214,,,
2024-03,8112210000,chromium (unwrought),control (never restricted),UNWROUGHT CHROMIUM; POWDERS,16038353,1470803,KG,10.9045,,,
2024-04,8112210000,chromium (unwrought),control (never restricted),UNWROUGHT CHROMIUM; POWDERS,12692678,1128034,KG,11.252,,,
2024-05,8112210000,chromium (unwrought),control (never restricted),UNWROUGHT CHROMIUM; POWDERS,9663328,844138,KG,11.4476,,,
2024-06,8112210000,chromium (unwrought),control (never restricted),UNWROUGHT CHROMIUM; POWDERS,18353799,1796760,KG,10.2149,,,
2024-07,8112210000,chromium (unwrought),control (never restricted),UNWROUGHT CHROMIUM; POWDERS,46867435,4804496,KG,9.7549,,,
2024-08,8112210000,chromium (unwrought),control (never restricted),UNWROUGHT CHROMIUM; POWDERS,6359730,512619,KG,12.4063,,,
2024-09,8112210000,chromium (unwrought),control (never restricted),UNWROUGHT CHROMIUM; POWDERS,9065084,760687,KG,11.917,,,
2024-10,8112210000,chromium (unwrought),control (never restricted),UNWROUGHT CHROMIUM; POWDERS,11428666,859236,KG,13.301,,,
2024-11,8112210000,chromium (unwrought),control (never restricted),UNWROUGHT CHROMIUM; POWDERS,13467105,1066743,KG,12.6245,,,
2024-12,8112210000,chromium (unwrought),control (never restricted),UNWROUGHT CHROMIUM; POWDERS,14325947,1117372,KG,12.8211,,,
2025-01,8112210000,chromium (unwrought),control (never restricted),UNWROUGHT CHROMIUM; POWDERS,19813537,2081184,KG,9.5203,,,
2025-02,8112210000,chromium (unwrought),control (never restricted),UNWROUGHT CHROMIUM; POWDERS,11645291,878647,KG,13.2537,,,
2025-03,8112210000,chromium (unwrought),control (never restricted),UNWROUGHT CHROMIUM; POWDERS,14570420,1217409,KG,11.9684,,,
2025-04,8112210000,chromium (unwrought),control (never restricted),UNWROUGHT CHROMIUM; POWDERS,10156679,893382,KG,11.3688,,,
2025-05,8112210000,chromium (unwrought),control (never restricted),UNWROUGHT CHROMIUM; POWDERS,8918520,739382,KG,12.0621,,,
2025-06,8112210000,chromium (unwrought),control (never restricted),UNWROUGHT CHROMIUM; POWDERS,9367672,775283,KG,12.0829,,,
2025-07,8112210000,chromium (unwrought),control (never restricted),UNWROUGHT CHROMIUM; POWDERS,11918734,914315,KG,13.0357,,,
2025-08,8112210000,chromium (unwrought),control (never restricted),UNWROUGHT CHROMIUM; POWDERS,7795448,564203,KG,13.8167,,,
2025-09,8112210000,chromium (unwrought),control (never restricted),UNWROUGHT CHROMIUM; POWDERS,11393152,896267,KG,12.7118,,,
2025-10,8112210000,chromium (unwrought),control (never restricted),UNWROUGHT CHROMIUM; POWDERS,10171175,722609,KG,14.0756,,,
2025-11,8112210000,chromium (unwrought),control (never restricted),UNWROUGHT CHROMIUM; POWDERS,11650561,865649,KG,13.4588,,,
2025-12,8112210000,chromium (unwrought),control (never restricted),UNWROUGHT CHROMIUM; POWDERS,7778083,605901,KG,12.8372,,,
2026-01,8112210000,chromium (unwrought),control (never restricted),UNWROUGHT CHROMIUM; POWDERS,5842572,484959,KG,12.0476,,,
2026-02,8112210000,chromium (unwrought),control (never restricted),UNWROUGHT CHROMIUM; POWDERS,8197575,595085,KG,13.7755,,,
2026-03,8112210000,chromium (unwrought),control (never restricted),UNWROUGHT CHROMIUM; POWDERS,10534753,755378,KG,13.9463,,,
2026-04,8112210000,chromium (unwrought),control (never restricted),UNWROUGHT CHROMIUM; POWDERS,8270251,573406,KG,14.423,,,
2026-05,8112210000,chromium (unwrought),control (never restricted),UNWROUGHT CHROMIUM; POWDERS,10984397,817520,KG,13.4362,,,
2026-06,8112210000,chromium (unwrought),control (never restricted),UNWROUGHT CHROMIUM; POWDERS,9485134,641848,KG,14.7779,,,
2026-07,8112210000,chromium (unwrought),control (never restricted),UNWROUGHT CHROMIUM; POWDERS,7087477,535276,KG,13.2408,,,
2023-01,8105203000,cobalt alloys (unwrought),control (never restricted),UNWROUGHT COBALT ALLOYS,3180138,61067,KG,52.0762,,,
2023-02,8105203000,cobalt alloys (unwrought),control (never restricted),UNWROUGHT COBALT ALLOYS,1236002,19447,KG,63.5575,,,
2023-03,8105203000,cobalt alloys (unwrought),control (never restricted),UNWROUGHT COBALT ALLOYS,1511684,30470,KG,49.6122,,,
2023-04,8105203000,cobalt alloys (unwrought),control (never restricted),UNWROUGHT COBALT ALLOYS,929229,18239,KG,50.9474,,,
2023-05,8105203000,cobalt alloys (unwrought),control (never restricted),UNWROUGHT COBALT ALLOYS,1901129,37869,KG,50.2028,,,
2023-06,8105203000,cobalt alloys (unwrought),control (never restricted),UNWROUGHT COBALT ALLOYS,1681503,34251,KG,49.0935,,,
2023-07,8105203000,cobalt alloys (unwrought),control (never restricted),UNWROUGHT COBALT ALLOYS,926218,19101,KG,48.4906,,,
2023-08,8105203000,cobalt alloys (unwrought),control (never restricted),UNWROUGHT COBALT ALLOYS,1046195,21116,KG,49.5451,,,
2023-09,8105203000,cobalt alloys (unwrought),control (never restricted),UNWROUGHT COBALT ALLOYS,330518,6965,KG,47.4541,,,
2023-10,8105203000,cobalt alloys (unwrought),control (never restricted),UNWROUGHT COBALT ALLOYS,1272539,22917,KG,55.5282,,,
2023-11,8105203000,cobalt alloys (unwrought),control (never restricted),UNWROUGHT COBALT ALLOYS,860978,17210,KG,50.0278,,,
2023-12,8105203000,cobalt alloys (unwrought),control (never restricted),UNWROUGHT COBALT ALLOYS,924494,17704,KG,52.2195,,,
2024-01,8105203000,cobalt alloys (unwrought),control (never restricted),UNWROUGHT COBALT ALLOYS,1110528,23991,KG,46.2894,,,
2024-02,8105203000,cobalt alloys (unwrought),control (never restricted),UNWROUGHT COBALT ALLOYS,2395791,52668,KG,45.4886,,,
2024-03,8105203000,cobalt alloys (unwrought),control (never restricted),UNWROUGHT COBALT ALLOYS,1413817,31533,KG,44.8361,,,
2024-04,8105203000,cobalt alloys (unwrought),control (never restricted),UNWROUGHT COBALT ALLOYS,1009290,23138,KG,43.6205,,,
2024-05,8105203000,cobalt alloys (unwrought),control (never restricted),UNWROUGHT COBALT ALLOYS,2101995,43143,KG,48.7216,,,
2024-06,8105203000,cobalt alloys (unwrought),control (never restricted),UNWROUGHT COBALT ALLOYS,1002043,19983,KG,50.1448,,,
2024-07,8105203000,cobalt alloys (unwrought),control (never restricted),UNWROUGHT COBALT ALLOYS,2719154,59645,KG,45.589,,,
2024-08,8105203000,cobalt alloys (unwrought),control (never restricted),UNWROUGHT COBALT ALLOYS,1819245,43146,KG,42.1649,,,
2024-09,8105203000,cobalt alloys (unwrought),control (never restricted),UNWROUGHT COBALT ALLOYS,1533895,33494,KG,45.7961,,,
2024-10,8105203000,cobalt alloys (unwrought),control (never restricted),UNWROUGHT COBALT ALLOYS,1327736,30957,KG,42.8897,,,
2024-11,8105203000,cobalt alloys (unwrought),control (never restricted),UNWROUGHT COBALT ALLOYS,912148,19393,KG,47.0349,,,
2024-12,8105203000,cobalt alloys (unwrought),control (never restricted),UNWROUGHT COBALT ALLOYS,1569731,33695,KG,46.5865,,,
2025-01,8105203000,cobalt alloys (unwrought),control (never restricted),UNWROUGHT COBALT ALLOYS,1726756,32010,KG,53.9443,,,
2025-02,8105203000,cobalt alloys (unwrought),control (never restricted),UNWROUGHT COBALT ALLOYS,1791063,38537,KG,46.4765,,,
2025-03,8105203000,cobalt alloys (unwrought),control (never restricted),UNWROUGHT COBALT ALLOYS,921936,16547,KG,55.7162,,,
2025-04,8105203000,cobalt alloys (unwrought),control (never restricted),UNWROUGHT COBALT ALLOYS,2251791,51510,KG,43.7156,,,
2025-05,8105203000,cobalt alloys (unwrought),control (never restricted),UNWROUGHT COBALT ALLOYS,891351,19449,KG,45.8302,,,
2025-06,8105203000,cobalt alloys (unwrought),control (never restricted),UNWROUGHT COBALT ALLOYS,1737070,37062,KG,46.8693,,,
2025-07,8105203000,cobalt alloys (unwrought),control (never restricted),UNWROUGHT COBALT ALLOYS,2508960,54861,KG,45.733,,,
2025-08,8105203000,cobalt alloys (unwrought),control (never restricted),UNWROUGHT COBALT ALLOYS,1208904,26542,KG,45.5468,,,
2025-09,8105203000,cobalt alloys (unwrought),control (never restricted),UNWROUGHT COBALT ALLOYS,690800,13842,KG,49.9061,,,
2025-10,8105203000,cobalt alloys (unwrought),control (never restricted),UNWROUGHT COBALT ALLOYS,1207589,24817,KG,48.6597,,,
2025-11,8105203000,cobalt alloys (unwrought),control (never restricted),UNWROUGHT COBALT ALLOYS,1217369,24347,KG,50.0008,,,
2025-12,8105203000,cobalt alloys (unwrought),control (never restricted),UNWROUGHT COBALT ALLOYS,1391494,26068,KG,53.3794,,,
2026-01,8105203000,cobalt alloys (unwrought),control (never restricted),UNWROUGHT COBALT ALLOYS,554950,11900,KG,46.6345,,,
2026-02,8105203000,cobalt alloys (unwrought),control (never restricted),UNWROUGHT COBALT ALLOYS,1484990,22795,KG,65.1454,,,
2026-03,8105203000,cobalt alloys (unwrought),control (never restricted),UNWROUGHT COBALT ALLOYS,4021114,64269,KG,62.5669,,,
2026-04,8105203000,cobalt alloys (unwrought),control (never restricted),UNWROUGHT COBALT ALLOYS,2017103,31220,KG,64.6093,,,
2026-05,8105203000,cobalt alloys (unwrought),control (never restricted),UNWROUGHT COBALT ALLOYS,1882094,28450,KG,66.1544,,,
2026-06,8105203000,cobalt alloys (unwrought),control (never restricted),UNWROUGHT COBALT ALLOYS,1782325,28417,KG,62.7204,,,
2026-07,8105203000,cobalt alloys (unwrought),control (never restricted),UNWROUGHT COBALT ALLOYS,2664747,36397,KG,73.2134,,,
2023-01,7202920000,ferrovanadium,control (never restricted),FERROVANADIUM,8618789,275692,KG,31.2624,,,
2023-02,7202920000,ferrovanadium,control (never restricted),FERROVANADIUM,9651624,326257,KG,29.5829,,,
2023-03,7202920000,ferrovanadium,control (never restricted),FERROVANADIUM,10701541,350993,KG,30.4893,,,
2023-04,7202920000,ferrovanadium,control (never restricted),FERROVANADIUM,9156939,311950,KG,29.3539,,,
2023-05,7202920000,ferrovanadium,control (never restricted),FERROVANADIUM,7958718,209531,KG,37.9835,,,
2023-06,7202920000,ferrovanadium,control (never restricted),FERROVANADIUM,10193179,217990,KG,46.7598,,,
2023-07,7202920000,ferrovanadium,control (never restricted),FERROVANADIUM,4409155,155275,KG,28.3958,,,
2023-08,7202920000,ferrovanadium,control (never restricted),FERROVANADIUM,4347953,163537,KG,26.587,,,
2023-09,7202920000,ferrovanadium,control (never restricted),FERROVANADIUM,6433497,235169,KG,27.3569,,,
2023-10,7202920000,ferrovanadium,control (never restricted),FERROVANADIUM,7594446,283404,KG,26.7972,,,
2023-11,7202920000,ferrovanadium,control (never restricted),FERROVANADIUM,10128589,280472,KG,36.1127,,,
2023-12,7202920000,ferrovanadium,control (never restricted),FERROVANADIUM,7670466,258065,KG,29.723,,,
2024-01,7202920000,ferrovanadium,control (never restricted),FERROVANADIUM,6211113,224341,KG,27.686,,,
2024-02,7202920000,ferrovanadium,control (never restricted),FERROVANADIUM,6294761,202268,KG,31.1209,,,
2024-03,7202920000,ferrovanadium,control (never restricted),FERROVANADIUM,8408162,190525,KG,44.1315,,,
2024-04,7202920000,ferrovanadium,control (never restricted),FERROVANADIUM,6738927,266826,KG,25.2559,,,
2024-05,7202920000,ferrovanadium,control (never restricted),FERROVANADIUM,8598209,216323,KG,39.7471,,,
2024-06,7202920000,ferrovanadium,control (never restricted),FERROVANADIUM,4810018,165910,KG,28.9917,,,
2024-07,7202920000,ferrovanadium,control (never restricted),FERROVANADIUM,7791202,242006,KG,32.1943,,,
2024-08,7202920000,ferrovanadium,control (never restricted),FERROVANADIUM,8018598,193676,KG,41.4021,,,
2024-09,7202920000,ferrovanadium,control (never restricted),FERROVANADIUM,5450158,162229,KG,33.5955,,,
2024-10,7202920000,ferrovanadium,control (never restricted),FERROVANADIUM,5885165,192182,KG,30.6229,,,
2024-11,7202920000,ferrovanadium,control (never restricted),FERROVANADIUM,6721824,209895,KG,32.0247,,,
2024-12,7202920000,ferrovanadium,control (never restricted),FERROVANADIUM,5512797,179034,KG,30.7919,,,
2025-01,7202920000,ferrovanadium,control (never restricted),FERROVANADIUM,7026194,298024,KG,23.5759,,,
2025-02,7202920000,ferrovanadium,control (never restricted),FERROVANADIUM,6326488,184641,KG,34.2637,,,
2025-03,7202920000,ferrovanadium,control (never restricted),FERROVANADIUM,8798625,293904,KG,29.9371,,,
2025-04,7202920000,ferrovanadium,control (never restricted),FERROVANADIUM,11322057,282678,KG,40.0528,,,
2025-05,7202920000,ferrovanadium,control (never restricted),FERROVANADIUM,6185593,216424,KG,28.5809,,,
2025-06,7202920000,ferrovanadium,control (never restricted),FERROVANADIUM,5538823,72851,KG,76.0295,,,
2025-07,7202920000,ferrovanadium,control (never restricted),FERROVANADIUM,7546298,321572,KG,23.4669,,,
2025-08,7202920000,ferrovanadium,control (never restricted),FERROVANADIUM,6557616,119594,KG,54.8323,,,
2025-09,7202920000,ferrovanadium,control (never restricted),FERROVANADIUM,4287941,154361,KG,27.7787,,,
2025-10,7202920000,ferrovanadium,control (never restricted),FERROVANADIUM,4986337,144144,KG,34.5927,,,
2025-11,7202920000,ferrovanadium,control (never restricted),FERROVANADIUM,4137939,184971,KG,22.3707,,,
2025-12,7202920000,ferrovanadium,control (never restricted),FERROVANADIUM,4285707,177987,KG,24.0788,,,
2026-01,7202920000,ferrovanadium,control (never restricted),FERROVANADIUM,5265294,197351,KG,26.6798,,,
2026-02,7202920000,ferrovanadium,control (never restricted),FERROVANADIUM,6490251,329562,KG,19.6936,,,
2026-03,7202920000,ferrovanadium,control (never restricted),FERROVANADIUM,9279803,405797,KG,22.8681,,,
2026-04,7202920000,ferrovanadium,control (never restricted),FERROVANADIUM,13468123,639928,KG,21.0463,,,
2026-05,7202920000,ferrovanadium,control (never restricted),FERROVANADIUM,11693664,528380,KG,22.1312,,,
2026-06,7202920000,ferrovanadium,control (never restricted),FERROVANADIUM,9192771,381233,KG,24.1133,,,
2026-07,7202920000,ferrovanadium,control (never restricted),FERROVANADIUM,10068730,454193,KG,22.1684,,,
2023-01,2529210000,fluorspar (<=97%),control (never restricted),FLUORSPAR CONTAINING BY WEIGHT 97 PERCENT OR LESS OF CALCIUM FLUORIDE,2364509,6531,T,362.0439,,,
2023-02,2529210000,fluorspar (<=97%),control (never restricted),FLUORSPAR CONTAINING BY WEIGHT 97 PERCENT OR LESS OF CALCIUM FLUORIDE,783268,2292,T,341.74,,,
2023-03,2529210000,fluorspar (<=97%),control (never restricted),FLUORSPAR CONTAINING BY WEIGHT 97 PERCENT OR LESS OF CALCIUM FLUORIDE,260606,670,T,388.9642,,,
2023-04,2529210000,fluorspar (<=97%),control (never restricted),FLUORSPAR CONTAINING BY WEIGHT 97 PERCENT OR LESS OF CALCIUM FLUORIDE,148876,899,T,165.6018,,,
2023-05,2529210000,fluorspar (<=97%),control (never restricted),FLUORSPAR CONTAINING BY WEIGHT 97 PERCENT OR LESS OF CALCIUM FLUORIDE,3800395,12086,T,314.4461,,,
2023-06,2529210000,fluorspar (<=97%),control (never restricted),FLUORSPAR CONTAINING BY WEIGHT 97 PERCENT OR LESS OF CALCIUM FLUORIDE,1051704,2217,T,474.3816,,,
2023-07,2529210000,fluorspar (<=97%),control (never restricted),FLUORSPAR CONTAINING BY WEIGHT 97 PERCENT OR LESS OF CALCIUM FLUORIDE,94142,533,T,176.6266,,,
2023-08,2529210000,fluorspar (<=97%),control (never restricted),FLUORSPAR CONTAINING BY WEIGHT 97 PERCENT OR LESS OF CALCIUM FLUORIDE,86340,592,T,145.8446,,,
2023-09,2529210000,fluorspar (<=97%),control (never restricted),FLUORSPAR CONTAINING BY WEIGHT 97 PERCENT OR LESS OF CALCIUM FLUORIDE,1123040,2154,T,521.3742,,,
2023-10,2529210000,fluorspar (<=97%),control (never restricted),FLUORSPAR CONTAINING BY WEIGHT 97 PERCENT OR LESS OF CALCIUM FLUORIDE,456972,4591,T,99.5365,,,
2023-11,2529210000,fluorspar (<=97%),control (never restricted),FLUORSPAR CONTAINING BY WEIGHT 97 PERCENT OR LESS OF CALCIUM FLUORIDE,126931,406,T,312.6379,,,
2023-12,2529210000,fluorspar (<=97%),control (never restricted),FLUORSPAR CONTAINING BY WEIGHT 97 PERCENT OR LESS OF CALCIUM FLUORIDE,198045,1168,T,169.5591,,,
2024-01,2529210000,fluorspar (<=97%),control (never restricted),FLUORSPAR CONTAINING BY WEIGHT 97 PERCENT OR LESS OF CALCIUM FLUORIDE,1649796,3905,T,422.483,,,
2024-02,2529210000,fluorspar (<=97%),control (never restricted),FLUORSPAR CONTAINING BY WEIGHT 97 PERCENT OR LESS OF CALCIUM FLUORIDE,791467,2189,T,361.5656,,,
2024-03,2529210000,fluorspar (<=97%),control (never restricted),FLUORSPAR CONTAINING BY WEIGHT 97 PERCENT OR LESS OF CALCIUM FLUORIDE,2392128,5291,T,452.1126,,,
2024-04,2529210000,fluorspar (<=97%),control (never restricted),FLUORSPAR CONTAINING BY WEIGHT 97 PERCENT OR LESS OF CALCIUM FLUORIDE,96747,405,T,238.8815,,,
2024-05,2529210000,fluorspar (<=97%),control (never restricted),FLUORSPAR CONTAINING BY WEIGHT 97 PERCENT OR LESS OF CALCIUM FLUORIDE,427132,3710,T,115.1299,,,
2024-06,2529210000,fluorspar (<=97%),control (never restricted),FLUORSPAR CONTAINING BY WEIGHT 97 PERCENT OR LESS OF CALCIUM FLUORIDE,756644,2020,T,374.5762,,,
2024-07,2529210000,fluorspar (<=97%),control (never restricted),FLUORSPAR CONTAINING BY WEIGHT 97 PERCENT OR LESS OF CALCIUM FLUORIDE,2664016,5359,T,497.1107,,,
2024-08,2529210000,fluorspar (<=97%),control (never restricted),FLUORSPAR CONTAINING BY WEIGHT 97 PERCENT OR LESS OF CALCIUM FLUORIDE,208463,890,T,234.2281,,,
2024-09,2529210000,fluorspar (<=97%),control (never restricted),FLUORSPAR CONTAINING BY WEIGHT 97 PERCENT OR LESS OF CALCIUM FLUORIDE,65621,188,T,349.0479,,,
2024-10,2529210000,fluorspar (<=97%),control (never restricted),FLUORSPAR CONTAINING BY WEIGHT 97 PERCENT OR LESS OF CALCIUM FLUORIDE,123982,706,T,175.6119,,,
2024-11,2529210000,fluorspar (<=97%),control (never restricted),FLUORSPAR CONTAINING BY WEIGHT 97 PERCENT OR LESS OF CALCIUM FLUORIDE,155422,731,T,212.6156,,,
2024-12,2529210000,fluorspar (<=97%),control (never restricted),FLUORSPAR CONTAINING BY WEIGHT 97 PERCENT OR LESS OF CALCIUM FLUORIDE,596932,5979,T,99.8381,,,
2025-01,2529210000,fluorspar (<=97%),control (never restricted),FLUORSPAR CONTAINING BY WEIGHT 97 PERCENT OR LESS OF CALCIUM FLUORIDE,325712,1307,T,249.2058,,,
2025-02,2529210000,fluorspar (<=97%),control (never restricted),FLUORSPAR CONTAINING BY WEIGHT 97 PERCENT OR LESS OF CALCIUM FLUORIDE,151875,727,T,208.9065,,,
2025-03,2529210000,fluorspar (<=97%),control (never restricted),FLUORSPAR CONTAINING BY WEIGHT 97 PERCENT OR LESS OF CALCIUM FLUORIDE,136674,716,T,190.8855,,,
2025-04,2529210000,fluorspar (<=97%),control (never restricted),FLUORSPAR CONTAINING BY WEIGHT 97 PERCENT OR LESS OF CALCIUM FLUORIDE,72702,477,T,152.4151,,,
2025-05,2529210000,fluorspar (<=97%),control (never restricted),FLUORSPAR CONTAINING BY WEIGHT 97 PERCENT OR LESS OF CALCIUM FLUORIDE,2315335,4994,T,463.6233,,,
2025-06,2529210000,fluorspar (<=97%),control (never restricted),FLUORSPAR CONTAINING BY WEIGHT 97 PERCENT OR LESS OF CALCIUM FLUORIDE,419144,1192,T,351.6309,,,
2025-07,2529210000,fluorspar (<=97%),control (never restricted),FLUORSPAR CONTAINING BY WEIGHT 97 PERCENT OR LESS OF CALCIUM FLUORIDE,762918,2272,T,335.7914,,,
2025-08,2529210000,fluorspar (<=97%),control (never restricted),FLUORSPAR CONTAINING BY WEIGHT 97 PERCENT OR LESS OF CALCIUM FLUORIDE,318218,1149,T,276.9521,,,
2025-09,2529210000,fluorspar (<=97%),control (never restricted),FLUORSPAR CONTAINING BY WEIGHT 97 PERCENT OR LESS OF CALCIUM FLUORIDE,1014627,2629,T,385.9365,,,
2025-10,2529210000,fluorspar (<=97%),control (never restricted),FLUORSPAR CONTAINING BY WEIGHT 97 PERCENT OR LESS OF CALCIUM FLUORIDE,1905226,4182,T,455.5777,,,
2025-11,2529210000,fluorspar (<=97%),control (never restricted),FLUORSPAR CONTAINING BY WEIGHT 97 PERCENT OR LESS OF CALCIUM FLUORIDE,234491,1064,T,220.3863,,,
2025-12,2529210000,fluorspar (<=97%),control (never restricted),FLUORSPAR CONTAINING BY WEIGHT 97 PERCENT OR LESS OF CALCIUM FLUORIDE,284281,956,T,297.3651,,,
2026-01,2529210000,fluorspar (<=97%),control (never restricted),FLUORSPAR CONTAINING BY WEIGHT 97 PERCENT OR LESS OF CALCIUM FLUORIDE,378231,974,T,388.3275,,,
2026-02,2529210000,fluorspar (<=97%),control (never restricted),FLUORSPAR CONTAINING BY WEIGHT 97 PERCENT OR LESS OF CALCIUM FLUORIDE,302612,781,T,387.4673,,,
2026-03,2529210000,fluorspar (<=97%),control (never restricted),FLUORSPAR CONTAINING BY WEIGHT 97 PERCENT OR LESS OF CALCIUM FLUORIDE,697872,1598,T,436.7159,,,
2026-04,2529210000,fluorspar (<=97%),control (never restricted),FLUORSPAR CONTAINING BY WEIGHT 97 PERCENT OR LESS OF CALCIUM FLUORIDE,848924,1878,T,452.0362,,,
2026-05,2529210000,fluorspar (<=97%),control (never restricted),FLUORSPAR CONTAINING BY WEIGHT 97 PERCENT OR LESS OF CALCIUM FLUORIDE,907445,2151,T,421.8712,,,
2026-06,2529210000,fluorspar (<=97%),control (never restricted),FLUORSPAR CONTAINING BY WEIGHT 97 PERCENT OR LESS OF CALCIUM FLUORIDE,1294458,5477,T,236.3443,,,
2026-07,2529210000,fluorspar (<=97%),control (never restricted),FLUORSPAR CONTAINING BY WEIGHT 97 PERCENT OR LESS OF CALCIUM FLUORIDE,166503,584,T,285.1079,,,
2023-01,2529220000,fluorspar (>97%),control (never restricted),FLUORSPAR CONTAINING BY WEIGHT MORE THAN 97 PERCENT OF CALCIUM FLUORIDE,948374,2075,T,457.0477,,,
2023-02,2529220000,fluorspar (>97%),control (never restricted),FLUORSPAR CONTAINING BY WEIGHT MORE THAN 97 PERCENT OF CALCIUM FLUORIDE,6236436,17845,T,349.4781,,,
2023-03,2529220000,fluorspar (>97%),control (never restricted),FLUORSPAR CONTAINING BY WEIGHT MORE THAN 97 PERCENT OF CALCIUM FLUORIDE,13309663,31944,T,416.6561,,,
2023-04,2529220000,fluorspar (>97%),control (never restricted),FLUORSPAR CONTAINING BY WEIGHT MORE THAN 97 PERCENT OF CALCIUM FLUORIDE,21464372,47889,T,448.2109,,,
2023-05,2529220000,fluorspar (>97%),control (never restricted),FLUORSPAR CONTAINING BY WEIGHT MORE THAN 97 PERCENT OF CALCIUM FLUORIDE,9142926,20678,T,442.1572,,,
2023-06,2529220000,fluorspar (>97%),control (never restricted),FLUORSPAR CONTAINING BY WEIGHT MORE THAN 97 PERCENT OF CALCIUM FLUORIDE,7839747,17853,T,439.1277,,,
2023-07,2529220000,fluorspar (>97%),control (never restricted),FLUORSPAR CONTAINING BY WEIGHT MORE THAN 97 PERCENT OF CALCIUM FLUORIDE,19938219,43611,T,457.1833,,,
2023-08,2529220000,fluorspar (>97%),control (never restricted),FLUORSPAR CONTAINING BY WEIGHT MORE THAN 97 PERCENT OF CALCIUM FLUORIDE,4042017,8505,T,475.2519,,,
2023-09,2529220000,fluorspar (>97%),control (never restricted),FLUORSPAR CONTAINING BY WEIGHT MORE THAN 97 PERCENT OF CALCIUM FLUORIDE,14380917,34648,T,415.0576,,,
2023-10,2529220000,fluorspar (>97%),control (never restricted),FLUORSPAR CONTAINING BY WEIGHT MORE THAN 97 PERCENT OF CALCIUM FLUORIDE,25037278,55316,T,452.6227,,,
2023-11,2529220000,fluorspar (>97%),control (never restricted),FLUORSPAR CONTAINING BY WEIGHT MORE THAN 97 PERCENT OF CALCIUM FLUORIDE,12665270,31902,T,397.0055,,,
2023-12,2529220000,fluorspar (>97%),control (never restricted),FLUORSPAR CONTAINING BY WEIGHT MORE THAN 97 PERCENT OF CALCIUM FLUORIDE,6890058,15698,T,438.9131,,,
2024-01,2529220000,fluorspar (>97%),control (never restricted),FLUORSPAR CONTAINING BY WEIGHT MORE THAN 97 PERCENT OF CALCIUM FLUORIDE,19963245,41867,T,476.8253,,,
2024-02,2529220000,fluorspar (>97%),control (never restricted),FLUORSPAR CONTAINING BY WEIGHT MORE THAN 97 PERCENT OF CALCIUM FLUORIDE,20348590,42973,T,473.5203,,,
2024-03,2529220000,fluorspar (>97%),control (never restricted),FLUORSPAR CONTAINING BY WEIGHT MORE THAN 97 PERCENT OF CALCIUM FLUORIDE,19702727,42324,T,465.5214,,,
2024-04,2529220000,fluorspar (>97%),control (never restricted),FLUORSPAR CONTAINING BY WEIGHT MORE THAN 97 PERCENT OF CALCIUM FLUORIDE,704779,1350,T,522.0585,,,
2024-05,2529220000,fluorspar (>97%),control (never restricted),FLUORSPAR CONTAINING BY WEIGHT MORE THAN 97 PERCENT OF CALCIUM FLUORIDE,12191452,26667,T,457.1737,,,
2024-06,2529220000,fluorspar (>97%),control (never restricted),FLUORSPAR CONTAINING BY WEIGHT MORE THAN 97 PERCENT OF CALCIUM FLUORIDE,6888794,15754,T,437.2727,,,
2024-07,2529220000,fluorspar (>97%),control (never restricted),FLUORSPAR CONTAINING BY WEIGHT MORE THAN 97 PERCENT OF CALCIUM FLUORIDE,14696743,31184,T,471.2911,,,
2024-08,2529220000,fluorspar (>97%),control (never restricted),FLUORSPAR CONTAINING BY WEIGHT MORE THAN 97 PERCENT OF CALCIUM FLUORIDE,22118508,45335,T,487.8903,,,
2024-09,2529220000,fluorspar (>97%),control (never restricted),FLUORSPAR CONTAINING BY WEIGHT MORE THAN 97 PERCENT OF CALCIUM FLUORIDE,2996897,6356,T,471.5068,,,
2024-10,2529220000,fluorspar (>97%),control (never restricted),FLUORSPAR CONTAINING BY WEIGHT MORE THAN 97 PERCENT OF CALCIUM FLUORIDE,8676301,19433,T,446.4725,,,
2024-11,2529220000,fluorspar (>97%),control (never restricted),FLUORSPAR CONTAINING BY WEIGHT MORE THAN 97 PERCENT OF CALCIUM FLUORIDE,18764481,41169,T,455.7915,,,
2024-12,2529220000,fluorspar (>97%),control (never restricted),FLUORSPAR CONTAINING BY WEIGHT MORE THAN 97 PERCENT OF CALCIUM FLUORIDE,10238605,20969,T,488.2734,,,
2025-01,2529220000,fluorspar (>97%),control (never restricted),FLUORSPAR CONTAINING BY WEIGHT MORE THAN 97 PERCENT OF CALCIUM FLUORIDE,8881569,18341,T,484.2467,,,
2025-02,2529220000,fluorspar (>97%),control (never restricted),FLUORSPAR CONTAINING BY WEIGHT MORE THAN 97 PERCENT OF CALCIUM FLUORIDE,11451755,22806,T,502.1378,,,
2025-03,2529220000,fluorspar (>97%),control (never restricted),FLUORSPAR CONTAINING BY WEIGHT MORE THAN 97 PERCENT OF CALCIUM FLUORIDE,8077445,14161,T,570.4007,,,
2025-04,2529220000,fluorspar (>97%),control (never restricted),FLUORSPAR CONTAINING BY WEIGHT MORE THAN 97 PERCENT OF CALCIUM FLUORIDE,19382979,38270,T,506.4797,,,
2025-05,2529220000,fluorspar (>97%),control (never restricted),FLUORSPAR CONTAINING BY WEIGHT MORE THAN 97 PERCENT OF CALCIUM FLUORIDE,10960709,20566,T,532.9529,,,
2025-06,2529220000,fluorspar (>97%),control (never restricted),FLUORSPAR CONTAINING BY WEIGHT MORE THAN 97 PERCENT OF CALCIUM FLUORIDE,15983496,29772,T,536.8634,,,
2025-07,2529220000,fluorspar (>97%),control (never restricted),FLUORSPAR CONTAINING BY WEIGHT MORE THAN 97 PERCENT OF CALCIUM FLUORIDE,18862778,35306,T,534.2655,,,
2025-08,2529220000,fluorspar (>97%),control (never restricted),FLUORSPAR CONTAINING BY WEIGHT MORE THAN 97 PERCENT OF CALCIUM FLUORIDE,14922572,29858,T,499.7847,,,
2025-09,2529220000,fluorspar (>97%),control (never restricted),FLUORSPAR CONTAINING BY WEIGHT MORE THAN 97 PERCENT OF CALCIUM FLUORIDE,16606074,36284,T,457.6693,,,
2025-10,2529220000,fluorspar (>97%),control (never restricted),FLUORSPAR CONTAINING BY WEIGHT MORE THAN 97 PERCENT OF CALCIUM FLUORIDE,21081298,47251,T,446.1556,,,
2025-11,2529220000,fluorspar (>97%),control (never restricted),FLUORSPAR CONTAINING BY WEIGHT MORE THAN 97 PERCENT OF CALCIUM FLUORIDE,5336657,12914,T,413.2459,,,
2025-12,2529220000,fluorspar (>97%),control (never restricted),FLUORSPAR CONTAINING BY WEIGHT MORE THAN 97 PERCENT OF CALCIUM FLUORIDE,18372066,38185,T,481.1331,,,
2026-01,2529220000,fluorspar (>97%),control (never restricted),FLUORSPAR CONTAINING BY WEIGHT MORE THAN 97 PERCENT OF CALCIUM FLUORIDE,12364737,25218,T,490.3139,,,
2026-02,2529220000,fluorspar (>97%),control (never restricted),FLUORSPAR CONTAINING BY WEIGHT MORE THAN 97 PERCENT OF CALCIUM FLUORIDE,18386257,38790,T,473.9948,,,
2026-03,2529220000,fluorspar (>97%),control (never restricted),FLUORSPAR CONTAINING BY WEIGHT MORE THAN 97 PERCENT OF CALCIUM FLUORIDE,8975013,19076,T,470.4872,,,
2026-04,2529220000,fluorspar (>97%),control (never restricted),FLUORSPAR CONTAINING BY WEIGHT MORE THAN 97 PERCENT OF CALCIUM FLUORIDE,20352224,40981,T,496.6259,,,
2026-05,2529220000,fluorspar (>97%),control (never restricted),FLUORSPAR CONTAINING BY WEIGHT MORE THAN 97 PERCENT OF CALCIUM FLUORIDE,8013607,14623,T,548.0139,,,
2026-06,2529220000,fluorspar (>97%),control (never restricted),FLUORSPAR CONTAINING BY WEIGHT MORE THAN 97 PERCENT OF CALCIUM FLUORIDE,27790190,57013,T,487.436,,,
2026-07,2529220000,fluorspar (>97%),control (never restricted),FLUORSPAR CONTAINING BY WEIGHT MORE THAN 97 PERCENT OF CALCIUM FLUORIDE,27185442,55003,T,494.2538,,,
2023-01,2519901000,fused magnesia,control (never restricted),"MAGNESIA, FUSED AND DEAD-BURNED (SINTERED)",27906962,31665819,KG,0.8813,,,
2023-02,2519901000,fused magnesia,control (never restricted),"MAGNESIA, FUSED AND DEAD-BURNED (SINTERED)",35379832,54965127,KG,0.6437,,,
2023-03,2519901000,fused magnesia,control (never restricted),"MAGNESIA, FUSED AND DEAD-BURNED (SINTERED)",7822965,9636042,KG,0.8118,,,
2023-04,2519901000,fused magnesia,control (never restricted),"MAGNESIA, FUSED AND DEAD-BURNED (SINTERED)",7034594,12372005,KG,0.5686,,,
2023-05,2519901000,fused magnesia,control (never restricted),"MAGNESIA, FUSED AND DEAD-BURNED (SINTERED)",11306324,25063148,KG,0.4511,,,
2023-06,2519901000,fused magnesia,control (never restricted),"MAGNESIA, FUSED AND DEAD-BURNED (SINTERED)",9017068,14821195,KG,0.6084,,,
2023-07,2519901000,fused magnesia,control (never restricted),"MAGNESIA, FUSED AND DEAD-BURNED (SINTERED)",5568663,5727956,KG,0.9722,,,
2023-08,2519901000,fused magnesia,control (never restricted),"MAGNESIA, FUSED AND DEAD-BURNED (SINTERED)",10872228,29296508,KG,0.3711,,,
2023-09,2519901000,fused magnesia,control (never restricted),"MAGNESIA, FUSED AND DEAD-BURNED (SINTERED)",4726802,6181323,KG,0.7647,,,
2023-10,2519901000,fused magnesia,control (never restricted),"MAGNESIA, FUSED AND DEAD-BURNED (SINTERED)",9997569,14002853,KG,0.714,,,
2023-11,2519901000,fused magnesia,control (never restricted),"MAGNESIA, FUSED AND DEAD-BURNED (SINTERED)",3179576,3194539,KG,0.9953,,,
2023-12,2519901000,fused magnesia,control (never restricted),"MAGNESIA, FUSED AND DEAD-BURNED (SINTERED)",13031039,28916879,KG,0.4506,,,
2024-01,2519901000,fused magnesia,control (never restricted),"MAGNESIA, FUSED AND DEAD-BURNED (SINTERED)",6980834,4951338,KG,1.4099,,,
2024-02,2519901000,fused magnesia,control (never restricted),"MAGNESIA, FUSED AND DEAD-BURNED (SINTERED)",9514253,17037350,KG,0.5584,,,
2024-03,2519901000,fused magnesia,control (never restricted),"MAGNESIA, FUSED AND DEAD-BURNED (SINTERED)",16542141,24421954,KG,0.6773,,,
2024-04,2519901000,fused magnesia,control (never restricted),"MAGNESIA, FUSED AND DEAD-BURNED (SINTERED)",5858588,8091702,KG,0.724,,,
2024-05,2519901000,fused magnesia,control (never restricted),"MAGNESIA, FUSED AND DEAD-BURNED (SINTERED)",10104702,19172615,KG,0.527,,,
2024-06,2519901000,fused magnesia,control (never restricted),"MAGNESIA, FUSED AND DEAD-BURNED (SINTERED)",11999929,11098287,KG,1.0812,,,
2024-07,2519901000,fused magnesia,control (never restricted),"MAGNESIA, FUSED AND DEAD-BURNED (SINTERED)",7480588,12165636,KG,0.6149,,,
2024-08,2519901000,fused magnesia,control (never restricted),"MAGNESIA, FUSED AND DEAD-BURNED (SINTERED)",10252034,20302899,KG,0.505,,,
2024-09,2519901000,fused magnesia,control (never restricted),"MAGNESIA, FUSED AND DEAD-BURNED (SINTERED)",12173812,14072067,KG,0.8651,,,
2024-10,2519901000,fused magnesia,control (never restricted),"MAGNESIA, FUSED AND DEAD-BURNED (SINTERED)",8730569,5898173,KG,1.4802,,,
2024-11,2519901000,fused magnesia,control (never restricted),"MAGNESIA, FUSED AND DEAD-BURNED (SINTERED)",8569970,11833038,KG,0.7242,,,
2024-12,2519901000,fused magnesia,control (never restricted),"MAGNESIA, FUSED AND DEAD-BURNED (SINTERED)",6447655,10322121,KG,0.6246,,,
2025-01,2519901000,fused magnesia,control (never restricted),"MAGNESIA, FUSED AND DEAD-BURNED (SINTERED)",4304742,2949855,KG,1.4593,,,
2025-02,2519901000,fused magnesia,control (never restricted),"MAGNESIA, FUSED AND DEAD-BURNED (SINTERED)",8731507,15082484,KG,0.5789,,,
2025-03,2519901000,fused magnesia,control (never restricted),"MAGNESIA, FUSED AND DEAD-BURNED (SINTERED)",12702747,16855273,KG,0.7536,,,
2025-04,2519901000,fused magnesia,control (never restricted),"MAGNESIA, FUSED AND DEAD-BURNED (SINTERED)",4962768,8912968,KG,0.5568,,,
2025-05,2519901000,fused magnesia,control (never restricted),"MAGNESIA, FUSED AND DEAD-BURNED (SINTERED)",10624356,19312111,KG,0.5501,,,
2025-06,2519901000,fused magnesia,control (never restricted),"MAGNESIA, FUSED AND DEAD-BURNED (SINTERED)",8828686,13751659,KG,0.642,,,
2025-07,2519901000,fused magnesia,control (never restricted),"MAGNESIA, FUSED AND DEAD-BURNED (SINTERED)",18064983,40254980,KG,0.4488,,,
2025-08,2519901000,fused magnesia,control (never restricted),"MAGNESIA, FUSED AND DEAD-BURNED (SINTERED)",12298655,21567811,KG,0.5702,,,
2025-09,2519901000,fused magnesia,control (never restricted),"MAGNESIA, FUSED AND DEAD-BURNED (SINTERED)",9892039,20187650,KG,0.49,,,
2025-10,2519901000,fused magnesia,control (never restricted),"MAGNESIA, FUSED AND DEAD-BURNED (SINTERED)",4135696,4950249,KG,0.8355,,,
2025-11,2519901000,fused magnesia,control (never restricted),"MAGNESIA, FUSED AND DEAD-BURNED (SINTERED)",13699758,24334614,KG,0.563,,,
2025-12,2519901000,fused magnesia,control (never restricted),"MAGNESIA, FUSED AND DEAD-BURNED (SINTERED)",15802192,34987543,KG,0.4517,,,
2026-01,2519901000,fused magnesia,control (never restricted),"MAGNESIA, FUSED AND DEAD-BURNED (SINTERED)",18960328,37358037,KG,0.5075,,,
2026-02,2519901000,fused magnesia,control (never restricted),"MAGNESIA, FUSED AND DEAD-BURNED (SINTERED)",5935770,5046522,KG,1.1762,,,
2026-03,2519901000,fused magnesia,control (never restricted),"MAGNESIA, FUSED AND DEAD-BURNED (SINTERED)",15402658,19069386,KG,0.8077,,,
2026-04,2519901000,fused magnesia,control (never restricted),"MAGNESIA, FUSED AND DEAD-BURNED (SINTERED)",6220632,7184356,KG,0.8659,,,
2026-05,2519901000,fused magnesia,control (never restricted),"MAGNESIA, FUSED AND DEAD-BURNED (SINTERED)",5611649,5403800,KG,1.0385,,,
2026-06,2519901000,fused magnesia,control (never restricted),"MAGNESIA, FUSED AND DEAD-BURNED (SINTERED)",23113362,31864288,KG,0.7254,,,
2026-07,2519901000,fused magnesia,control (never restricted),"MAGNESIA, FUSED AND DEAD-BURNED (SINTERED)",23495849,46372162,KG,0.5067,,,
2023-01,8104110000,magnesium (>=99.8%),control (never restricted),"UNWROUGHT MAGNESIUM, CONTAINING AT LEAST 99.8 PERCENT BY WEIGHT OF MAGNESIUM",25728166,277622,KG,92.6734,,,
2023-02,8104110000,magnesium (>=99.8%),control (never restricted),"UNWROUGHT MAGNESIUM, CONTAINING AT LEAST 99.8 PERCENT BY WEIGHT OF MAGNESIUM",18366358,513980,KG,35.7336,,,
2023-03,8104110000,magnesium (>=99.8%),control (never restricted),"UNWROUGHT MAGNESIUM, CONTAINING AT LEAST 99.8 PERCENT BY WEIGHT OF MAGNESIUM",31301662,686674,KG,45.5845,,,
2023-04,8104110000,magnesium (>=99.8%),control (never restricted),"UNWROUGHT MAGNESIUM, CONTAINING AT LEAST 99.8 PERCENT BY WEIGHT OF MAGNESIUM",22107457,395236,KG,55.9348,,,
2023-05,8104110000,magnesium (>=99.8%),control (never restricted),"UNWROUGHT MAGNESIUM, CONTAINING AT LEAST 99.8 PERCENT BY WEIGHT OF MAGNESIUM",30195898,171598,KG,175.9688,,,
2023-06,8104110000,magnesium (>=99.8%),control (never restricted),"UNWROUGHT MAGNESIUM, CONTAINING AT LEAST 99.8 PERCENT BY WEIGHT OF MAGNESIUM",27178647,752532,KG,36.1163,,,
2023-07,8104110000,magnesium (>=99.8%),control (never restricted),"UNWROUGHT MAGNESIUM, CONTAINING AT LEAST 99.8 PERCENT BY WEIGHT OF MAGNESIUM",24932218,575506,KG,43.3223,,,
2023-08,8104110000,magnesium (>=99.8%),control (never restricted),"UNWROUGHT MAGNESIUM, CONTAINING AT LEAST 99.8 PERCENT BY WEIGHT OF MAGNESIUM",22742717,236865,KG,96.0155,,,
2023-09,8104110000,magnesium (>=99.8%),control (never restricted),"UNWROUGHT MAGNESIUM, CONTAINING AT LEAST 99.8 PERCENT BY WEIGHT OF MAGNESIUM",19114880,108600,KG,176.0118,,,
2023-10,8104110000,magnesium (>=99.8%),control (never restricted),"UNWROUGHT MAGNESIUM, CONTAINING AT LEAST 99.8 PERCENT BY WEIGHT OF MAGNESIUM",15470131,619365,KG,24.9774,,,
2023-11,8104110000,magnesium (>=99.8%),control (never restricted),"UNWROUGHT MAGNESIUM, CONTAINING AT LEAST 99.8 PERCENT BY WEIGHT OF MAGNESIUM",15992326,524934,KG,30.4654,,,
2023-12,8104110000,magnesium (>=99.8%),control (never restricted),"UNWROUGHT MAGNESIUM, CONTAINING AT LEAST 99.8 PERCENT BY WEIGHT OF MAGNESIUM",32230549,719293,KG,44.8087,,,
2024-01,8104110000,magnesium (>=99.8%),control (never restricted),"UNWROUGHT MAGNESIUM, CONTAINING AT LEAST 99.8 PERCENT BY WEIGHT OF MAGNESIUM",21946209,148056,KG,148.2291,,,
2024-02,8104110000,magnesium (>=99.8%),control (never restricted),"UNWROUGHT MAGNESIUM, CONTAINING AT LEAST 99.8 PERCENT BY WEIGHT OF MAGNESIUM",11923730,200655,KG,59.424,,,
2024-03,8104110000,magnesium (>=99.8%),control (never restricted),"UNWROUGHT MAGNESIUM, CONTAINING AT LEAST 99.8 PERCENT BY WEIGHT OF MAGNESIUM",11276880,207136,KG,54.4419,,,
2024-04,8104110000,magnesium (>=99.8%),control (never restricted),"UNWROUGHT MAGNESIUM, CONTAINING AT LEAST 99.8 PERCENT BY WEIGHT OF MAGNESIUM",7977250,237722,KG,33.5571,,,
2024-05,8104110000,magnesium (>=99.8%),control (never restricted),"UNWROUGHT MAGNESIUM, CONTAINING AT LEAST 99.8 PERCENT BY WEIGHT OF MAGNESIUM",13217287,223492,KG,59.1399,,,
2024-06,8104110000,magnesium (>=99.8%),control (never restricted),"UNWROUGHT MAGNESIUM, CONTAINING AT LEAST 99.8 PERCENT BY WEIGHT OF MAGNESIUM",12614330,107441,KG,117.407,,,
2024-07,8104110000,magnesium (>=99.8%),control (never restricted),"UNWROUGHT MAGNESIUM, CONTAINING AT LEAST 99.8 PERCENT BY WEIGHT OF MAGNESIUM",11425095,127243,KG,89.7896,,,
2024-08,8104110000,magnesium (>=99.8%),control (never restricted),"UNWROUGHT MAGNESIUM, CONTAINING AT LEAST 99.8 PERCENT BY WEIGHT OF MAGNESIUM",11104783,252014,KG,44.0642,,,
2024-09,8104110000,magnesium (>=99.8%),control (never restricted),"UNWROUGHT MAGNESIUM, CONTAINING AT LEAST 99.8 PERCENT BY WEIGHT OF MAGNESIUM",9530706,323397,KG,29.4706,,,
2024-10,8104110000,magnesium (>=99.8%),control (never restricted),"UNWROUGHT MAGNESIUM, CONTAINING AT LEAST 99.8 PERCENT BY WEIGHT OF MAGNESIUM",6331336,58571,KG,108.0968,,,
2024-11,8104110000,magnesium (>=99.8%),control (never restricted),"UNWROUGHT MAGNESIUM, CONTAINING AT LEAST 99.8 PERCENT BY WEIGHT OF MAGNESIUM",13052700,358243,KG,36.4353,,,
2024-12,8104110000,magnesium (>=99.8%),control (never restricted),"UNWROUGHT MAGNESIUM, CONTAINING AT LEAST 99.8 PERCENT BY WEIGHT OF MAGNESIUM",7594780,142641,KG,53.244,,,
2025-01,8104110000,magnesium (>=99.8%),control (never restricted),"UNWROUGHT MAGNESIUM, CONTAINING AT LEAST 99.8 PERCENT BY WEIGHT OF MAGNESIUM",13201220,258877,KG,50.9942,,,
2025-02,8104110000,magnesium (>=99.8%),control (never restricted),"UNWROUGHT MAGNESIUM, CONTAINING AT LEAST 99.8 PERCENT BY WEIGHT OF MAGNESIUM",3451696,71144,KG,48.517,,,
2025-03,8104110000,magnesium (>=99.8%),control (never restricted),"UNWROUGHT MAGNESIUM, CONTAINING AT LEAST 99.8 PERCENT BY WEIGHT OF MAGNESIUM",9274896,167496,KG,55.3738,,,
2025-04,8104110000,magnesium (>=99.8%),control (never restricted),"UNWROUGHT MAGNESIUM, CONTAINING AT LEAST 99.8 PERCENT BY WEIGHT OF MAGNESIUM",15724560,222530,KG,70.6627,,,
2025-05,8104110000,magnesium (>=99.8%),control (never restricted),"UNWROUGHT MAGNESIUM, CONTAINING AT LEAST 99.8 PERCENT BY WEIGHT OF MAGNESIUM",6557322,197772,KG,33.156,,,
2025-06,8104110000,magnesium (>=99.8%),control (never restricted),"UNWROUGHT MAGNESIUM, CONTAINING AT LEAST 99.8 PERCENT BY WEIGHT OF MAGNESIUM",7199999,255575,KG,28.1718,,,
2025-07,8104110000,magnesium (>=99.8%),control (never restricted),"UNWROUGHT MAGNESIUM, CONTAINING AT LEAST 99.8 PERCENT BY WEIGHT OF MAGNESIUM",12323608,321601,KG,38.3196,,,
2025-08,8104110000,magnesium (>=99.8%),control (never restricted),"UNWROUGHT MAGNESIUM, CONTAINING AT LEAST 99.8 PERCENT BY WEIGHT OF MAGNESIUM",11891248,329469,KG,36.0922,,,
2025-09,8104110000,magnesium (>=99.8%),control (never restricted),"UNWROUGHT MAGNESIUM, CONTAINING AT LEAST 99.8 PERCENT BY WEIGHT OF MAGNESIUM",8313922,104754,KG,79.3662,,,
2025-10,8104110000,magnesium (>=99.8%),control (never restricted),"UNWROUGHT MAGNESIUM, CONTAINING AT LEAST 99.8 PERCENT BY WEIGHT OF MAGNESIUM",9817525,292747,KG,33.5359,,,
2025-11,8104110000,magnesium (>=99.8%),control (never restricted),"UNWROUGHT MAGNESIUM, CONTAINING AT LEAST 99.8 PERCENT BY WEIGHT OF MAGNESIUM",4675241,137628,KG,33.9701,,,
2025-12,8104110000,magnesium (>=99.8%),control (never restricted),"UNWROUGHT MAGNESIUM, CONTAINING AT LEAST 99.8 PERCENT BY WEIGHT OF MAGNESIUM",10367631,248572,KG,41.7088,,,
2026-01,8104110000,magnesium (>=99.8%),control (never restricted),"UNWROUGHT MAGNESIUM, CONTAINING AT LEAST 99.8 PERCENT BY WEIGHT OF MAGNESIUM",7061325,529455,KG,13.337,,,
2026-02,8104110000,magnesium (>=99.8%),control (never restricted),"UNWROUGHT MAGNESIUM, CONTAINING AT LEAST 99.8 PERCENT BY WEIGHT OF MAGNESIUM",7937792,166697,KG,47.6181,,,
2026-03,8104110000,magnesium (>=99.8%),control (never restricted),"UNWROUGHT MAGNESIUM, CONTAINING AT LEAST 99.8 PERCENT BY WEIGHT OF MAGNESIUM",6849158,158203,KG,43.2935,,,
2026-04,8104110000,magnesium (>=99.8%),control (never restricted),"UNWROUGHT MAGNESIUM, CONTAINING AT LEAST 99.8 PERCENT BY WEIGHT OF MAGNESIUM",5846539,89847,KG,65.0722,,,
2026-05,8104110000,magnesium (>=99.8%),control (never restricted),"UNWROUGHT MAGNESIUM, CONTAINING AT LEAST 99.8 PERCENT BY WEIGHT OF MAGNESIUM",9947493,241771,KG,41.1443,,,
2026-06,8104110000,magnesium (>=99.8%),control (never restricted),"UNWROUGHT MAGNESIUM, CONTAINING AT LEAST 99.8 PERCENT BY WEIGHT OF MAGNESIUM",8900736,235036,KG,37.8697,,,
2026-07,8104110000,magnesium (>=99.8%),control (never restricted),"UNWROUGHT MAGNESIUM, CONTAINING AT LEAST 99.8 PERCENT BY WEIGHT OF MAGNESIUM",13583929,406356,KG,33.4286,,,
2023-01,7502100000,nickel (not alloyed),control (never restricted),"NICKEL, UNWROUGHT, NOT ALLOYED",182748206,6707122,KG,27.2469,,,
2023-02,7502100000,nickel (not alloyed),control (never restricted),"NICKEL, UNWROUGHT, NOT ALLOYED",233760630,8185898,KG,28.5565,,,
2023-03,7502100000,nickel (not alloyed),control (never restricted),"NICKEL, UNWROUGHT, NOT ALLOYED",238506716,8917911,KG,26.7447,,,
2023-04,7502100000,nickel (not alloyed),control (never restricted),"NICKEL, UNWROUGHT, NOT ALLOYED",239893836,9567285,KG,25.0744,,,
2023-05,7502100000,nickel (not alloyed),control (never restricted),"NICKEL, UNWROUGHT, NOT ALLOYED",199202125,8024719,KG,24.8236,,,
2023-06,7502100000,nickel (not alloyed),control (never restricted),"NICKEL, UNWROUGHT, NOT ALLOYED",176828968,7545225,KG,23.4359,,,
2023-07,7502100000,nickel (not alloyed),control (never restricted),"NICKEL, UNWROUGHT, NOT ALLOYED",158154135,7063050,KG,22.3918,,,
2023-08,7502100000,nickel (not alloyed),control (never restricted),"NICKEL, UNWROUGHT, NOT ALLOYED",167801820,7630741,KG,21.9902,,,
2023-09,7502100000,nickel (not alloyed),control (never restricted),"NICKEL, UNWROUGHT, NOT ALLOYED",164030922,7598305,KG,21.5878,,,
2023-10,7502100000,nickel (not alloyed),control (never restricted),"NICKEL, UNWROUGHT, NOT ALLOYED",161266032,7655482,KG,21.0654,,,
2023-11,7502100000,nickel (not alloyed),control (never restricted),"NICKEL, UNWROUGHT, NOT ALLOYED",181911743,9362410,KG,19.43,,,
2023-12,7502100000,nickel (not alloyed),control (never restricted),"NICKEL, UNWROUGHT, NOT ALLOYED",102846005,5566871,KG,18.4747,,,
2024-01,7502100000,nickel (not alloyed),control (never restricted),"NICKEL, UNWROUGHT, NOT ALLOYED",116720381,6495632,KG,17.9691,,,
2024-02,7502100000,nickel (not alloyed),control (never restricted),"NICKEL, UNWROUGHT, NOT ALLOYED",85904018,4941160,KG,17.3854,,,
2024-03,7502100000,nickel (not alloyed),control (never restricted),"NICKEL, UNWROUGHT, NOT ALLOYED",110961756,6404421,KG,17.3258,,,
2024-04,7502100000,nickel (not alloyed),control (never restricted),"NICKEL, UNWROUGHT, NOT ALLOYED",104601289,5902269,KG,17.7222,,,
2024-05,7502100000,nickel (not alloyed),control (never restricted),"NICKEL, UNWROUGHT, NOT ALLOYED",106483689,5727312,KG,18.5923,,,
2024-06,7502100000,nickel (not alloyed),control (never restricted),"NICKEL, UNWROUGHT, NOT ALLOYED",106445346,5750057,KG,18.5121,,,
2024-07,7502100000,nickel (not alloyed),control (never restricted),"NICKEL, UNWROUGHT, NOT ALLOYED",159654011,8898103,KG,17.9425,,,
2024-08,7502100000,nickel (not alloyed),control (never restricted),"NICKEL, UNWROUGHT, NOT ALLOYED",146634449,8454640,KG,17.3437,,,
2024-09,7502100000,nickel (not alloyed),control (never restricted),"NICKEL, UNWROUGHT, NOT ALLOYED",132556517,8031437,KG,16.5047,,,
2024-10,7502100000,nickel (not alloyed),control (never restricted),"NICKEL, UNWROUGHT, NOT ALLOYED",88718519,5165450,KG,17.1754,,,
2024-11,7502100000,nickel (not alloyed),control (never restricted),"NICKEL, UNWROUGHT, NOT ALLOYED",120055915,7116574,KG,16.8699,,,
2024-12,7502100000,nickel (not alloyed),control (never restricted),"NICKEL, UNWROUGHT, NOT ALLOYED",134393250,8114773,KG,16.5616,,,
2025-01,7502100000,nickel (not alloyed),control (never restricted),"NICKEL, UNWROUGHT, NOT ALLOYED",115314967,7031093,KG,16.4007,,,
2025-02,7502100000,nickel (not alloyed),control (never restricted),"NICKEL, UNWROUGHT, NOT ALLOYED",117890747,7426115,KG,15.8752,,,
2025-03,7502100000,nickel (not alloyed),control (never restricted),"NICKEL, UNWROUGHT, NOT ALLOYED",136027278,8433667,KG,16.1291,,,
2025-04,7502100000,nickel (not alloyed),control (never restricted),"NICKEL, UNWROUGHT, NOT ALLOYED",153162423,9715185,KG,15.7653,,,
2025-05,7502100000,nickel (not alloyed),control (never restricted),"NICKEL, UNWROUGHT, NOT ALLOYED",98699747,6119464,KG,16.1288,,,
2025-06,7502100000,nickel (not alloyed),control (never restricted),"NICKEL, UNWROUGHT, NOT ALLOYED",95735833,5993627,KG,15.9729,,,
2025-07,7502100000,nickel (not alloyed),control (never restricted),"NICKEL, UNWROUGHT, NOT ALLOYED",91758382,5844021,KG,15.7012,,,
2025-08,7502100000,nickel (not alloyed),control (never restricted),"NICKEL, UNWROUGHT, NOT ALLOYED",83858483,5300873,KG,15.8197,,,
2025-09,7502100000,nickel (not alloyed),control (never restricted),"NICKEL, UNWROUGHT, NOT ALLOYED",114600868,7340855,KG,15.6114,,,
2025-10,7502100000,nickel (not alloyed),control (never restricted),"NICKEL, UNWROUGHT, NOT ALLOYED",88265433,5565577,KG,15.8592,,,
2025-11,7502100000,nickel (not alloyed),control (never restricted),"NICKEL, UNWROUGHT, NOT ALLOYED",88069875,5611605,KG,15.6942,,,
2025-12,7502100000,nickel (not alloyed),control (never restricted),"NICKEL, UNWROUGHT, NOT ALLOYED",82268037,5352163,KG,15.371,,,
2026-01,7502100000,nickel (not alloyed),control (never restricted),"NICKEL, UNWROUGHT, NOT ALLOYED",110245394,7056802,KG,15.6226,,,
2026-02,7502100000,nickel (not alloyed),control (never restricted),"NICKEL, UNWROUGHT, NOT ALLOYED",126679362,7538033,KG,16.8054,,,
2026-03,7502100000,nickel (not alloyed),control (never restricted),"NICKEL, UNWROUGHT, NOT ALLOYED",143680031,8540151,KG,16.8241,,,
2026-04,7502100000,nickel (not alloyed),control (never restricted),"NICKEL, UNWROUGHT, NOT ALLOYED",100900981,5884738,KG,17.1462,,,
2026-05,7502100000,nickel (not alloyed),control (never restricted),"NICKEL, UNWROUGHT, NOT ALLOYED",102184812,5807022,KG,17.5968,,,
2026-06,7502100000,nickel (not alloyed),control (never restricted),"NICKEL, UNWROUGHT, NOT ALLOYED",94563987,5173680,KG,18.2779,,,
2026-07,7502100000,nickel (not alloyed),control (never restricted),"NICKEL, UNWROUGHT, NOT ALLOYED",126912887,6935237,KG,18.2997,,,
2023-01,2510100000,phosphate rock,control (never restricted),"NATURAL CALCIUM PHOSPHATES, NATURAL ALUMINUM CALCIUM PHOSPHATES AND PHOSPHATIC CHALK, UNGROUND",43401511,263034,T,165.0034,,,
2023-02,2510100000,phosphate rock,control (never restricted),"NATURAL CALCIUM PHOSPHATES, NATURAL ALUMINUM CALCIUM PHOSPHATES AND PHOSPHATIC CHALK, UNGROUND",34350378,211203,T,162.6415,,,
2023-03,2510100000,phosphate rock,control (never restricted),"NATURAL CALCIUM PHOSPHATES, NATURAL ALUMINUM CALCIUM PHOSPHATES AND PHOSPHATIC CHALK, UNGROUND",37123458,240501,T,154.3589,,,
2023-04,2510100000,phosphate rock,control (never restricted),"NATURAL CALCIUM PHOSPHATES, NATURAL ALUMINUM CALCIUM PHOSPHATES AND PHOSPHATIC CHALK, UNGROUND",31651026,208657,T,151.6893,,,
2023-05,2510100000,phosphate rock,control (never restricted),"NATURAL CALCIUM PHOSPHATES, NATURAL ALUMINUM CALCIUM PHOSPHATES AND PHOSPHATIC CHALK, UNGROUND",28328964,204067,T,138.8219,,,
2023-06,2510100000,phosphate rock,control (never restricted),"NATURAL CALCIUM PHOSPHATES, NATURAL ALUMINUM CALCIUM PHOSPHATES AND PHOSPHATIC CHALK, UNGROUND",27877200,183482,T,151.9342,,,
2023-07,2510100000,phosphate rock,control (never restricted),"NATURAL CALCIUM PHOSPHATES, NATURAL ALUMINUM CALCIUM PHOSPHATES AND PHOSPHATIC CHALK, UNGROUND",25933284,273995,T,94.6487,,,
2023-08,2510100000,phosphate rock,control (never restricted),"NATURAL CALCIUM PHOSPHATES, NATURAL ALUMINUM CALCIUM PHOSPHATES AND PHOSPHATIC CHALK, UNGROUND",15605035,162131,T,96.2495,,,
2023-09,2510100000,phosphate rock,control (never restricted),"NATURAL CALCIUM PHOSPHATES, NATURAL ALUMINUM CALCIUM PHOSPHATES AND PHOSPHATIC CHALK, UNGROUND",34260050,333186,T,102.8256,,,
2023-10,2510100000,phosphate rock,control (never restricted),"NATURAL CALCIUM PHOSPHATES, NATURAL ALUMINUM CALCIUM PHOSPHATES AND PHOSPHATIC CHALK, UNGROUND",34933317,320466,T,109.0079,,,
2023-11,2510100000,phosphate rock,control (never restricted),"NATURAL CALCIUM PHOSPHATES, NATURAL ALUMINUM CALCIUM PHOSPHATES AND PHOSPHATIC CHALK, UNGROUND",11552519,101912,T,113.3578,,,
2023-12,2510100000,phosphate rock,control (never restricted),"NATURAL CALCIUM PHOSPHATES, NATURAL ALUMINUM CALCIUM PHOSPHATES AND PHOSPHATIC CHALK, UNGROUND",11346123,98562,T,115.1166,,,
2024-01,2510100000,phosphate rock,control (never restricted),"NATURAL CALCIUM PHOSPHATES, NATURAL ALUMINUM CALCIUM PHOSPHATES AND PHOSPHATIC CHALK, UNGROUND",30844012,268087,T,115.0522,,,
2024-02,2510100000,phosphate rock,control (never restricted),"NATURAL CALCIUM PHOSPHATES, NATURAL ALUMINUM CALCIUM PHOSPHATES AND PHOSPHATIC CHALK, UNGROUND",34339128,307470,T,111.6829,,,
2024-03,2510100000,phosphate rock,control (never restricted),"NATURAL CALCIUM PHOSPHATES, NATURAL ALUMINUM CALCIUM PHOSPHATES AND PHOSPHATIC CHALK, UNGROUND",34100721,309279,T,110.2588,,,
2024-04,2510100000,phosphate rock,control (never restricted),"NATURAL CALCIUM PHOSPHATES, NATURAL ALUMINUM CALCIUM PHOSPHATES AND PHOSPHATIC CHALK, UNGROUND",31559875,281513,T,112.1081,,,
2024-05,2510100000,phosphate rock,control (never restricted),"NATURAL CALCIUM PHOSPHATES, NATURAL ALUMINUM CALCIUM PHOSPHATES AND PHOSPHATIC CHALK, UNGROUND",32263778,291137,T,110.8199,,,
2024-06,2510100000,phosphate rock,control (never restricted),"NATURAL CALCIUM PHOSPHATES, NATURAL ALUMINUM CALCIUM PHOSPHATES AND PHOSPHATIC CHALK, UNGROUND",27222808,253054,T,107.5771,,,
2024-07,2510100000,phosphate rock,control (never restricted),"NATURAL CALCIUM PHOSPHATES, NATURAL ALUMINUM CALCIUM PHOSPHATES AND PHOSPHATIC CHALK, UNGROUND",34061093,320996,T,106.1106,,,
2024-08,2510100000,phosphate rock,control (never restricted),"NATURAL CALCIUM PHOSPHATES, NATURAL ALUMINUM CALCIUM PHOSPHATES AND PHOSPHATIC CHALK, UNGROUND",33665714,306320,T,109.9037,,,
2024-09,2510100000,phosphate rock,control (never restricted),"NATURAL CALCIUM PHOSPHATES, NATURAL ALUMINUM CALCIUM PHOSPHATES AND PHOSPHATIC CHALK, UNGROUND",18759385,167938,T,111.7042,,,
2024-10,2510100000,phosphate rock,control (never restricted),"NATURAL CALCIUM PHOSPHATES, NATURAL ALUMINUM CALCIUM PHOSPHATES AND PHOSPHATIC CHALK, UNGROUND",34075639,330848,T,102.9948,,,
2024-11,2510100000,phosphate rock,control (never restricted),"NATURAL CALCIUM PHOSPHATES, NATURAL ALUMINUM CALCIUM PHOSPHATES AND PHOSPHATIC CHALK, UNGROUND",25923886,274310,T,94.5058,,,
2024-12,2510100000,phosphate rock,control (never restricted),"NATURAL CALCIUM PHOSPHATES, NATURAL ALUMINUM CALCIUM PHOSPHATES AND PHOSPHATIC CHALK, UNGROUND",27107317,279553,T,96.9666,,,
2025-01,2510100000,phosphate rock,control (never restricted),"NATURAL CALCIUM PHOSPHATES, NATURAL ALUMINUM CALCIUM PHOSPHATES AND PHOSPHATIC CHALK, UNGROUND",30634092,306818,T,99.8445,,,
2025-02,2510100000,phosphate rock,control (never restricted),"NATURAL CALCIUM PHOSPHATES, NATURAL ALUMINUM CALCIUM PHOSPHATES AND PHOSPHATIC CHALK, UNGROUND",27713547,284849,T,97.2921,,,
2025-03,2510100000,phosphate rock,control (never restricted),"NATURAL CALCIUM PHOSPHATES, NATURAL ALUMINUM CALCIUM PHOSPHATES AND PHOSPHATIC CHALK, UNGROUND",23804771,270788,T,87.9093,,,
2025-04,2510100000,phosphate rock,control (never restricted),"NATURAL CALCIUM PHOSPHATES, NATURAL ALUMINUM CALCIUM PHOSPHATES AND PHOSPHATIC CHALK, UNGROUND",23118580,270753,T,85.3862,,,
2025-05,2510100000,phosphate rock,control (never restricted),"NATURAL CALCIUM PHOSPHATES, NATURAL ALUMINUM CALCIUM PHOSPHATES AND PHOSPHATIC CHALK, UNGROUND",26834731,309479,T,86.7094,,,
2025-06,2510100000,phosphate rock,control (never restricted),"NATURAL CALCIUM PHOSPHATES, NATURAL ALUMINUM CALCIUM PHOSPHATES AND PHOSPHATIC CHALK, UNGROUND",28648854,321142,T,89.2093,,,
2025-07,2510100000,phosphate rock,control (never restricted),"NATURAL CALCIUM PHOSPHATES, NATURAL ALUMINUM CALCIUM PHOSPHATES AND PHOSPHATIC CHALK, UNGROUND",24898434,276207,T,90.1441,,,
2025-08,2510100000,phosphate rock,control (never restricted),"NATURAL CALCIUM PHOSPHATES, NATURAL ALUMINUM CALCIUM PHOSPHATES AND PHOSPHATIC CHALK, UNGROUND",18716629,201700,T,92.7944,,,
2025-09,2510100000,phosphate rock,control (never restricted),"NATURAL CALCIUM PHOSPHATES, NATURAL ALUMINUM CALCIUM PHOSPHATES AND PHOSPHATIC CHALK, UNGROUND",30256174,337451,T,89.6609,,,
2025-10,2510100000,phosphate rock,control (never restricted),"NATURAL CALCIUM PHOSPHATES, NATURAL ALUMINUM CALCIUM PHOSPHATES AND PHOSPHATIC CHALK, UNGROUND",23374008,273100,T,85.5877,,,
2025-11,2510100000,phosphate rock,control (never restricted),"NATURAL CALCIUM PHOSPHATES, NATURAL ALUMINUM CALCIUM PHOSPHATES AND PHOSPHATIC CHALK, UNGROUND",18195851,210627,T,86.389,,,
2025-12,2510100000,phosphate rock,control (never restricted),"NATURAL CALCIUM PHOSPHATES, NATURAL ALUMINUM CALCIUM PHOSPHATES AND PHOSPHATIC CHALK, UNGROUND",27639832,307981,T,89.7453,,,
2026-01,2510100000,phosphate rock,control (never restricted),"NATURAL CALCIUM PHOSPHATES, NATURAL ALUMINUM CALCIUM PHOSPHATES AND PHOSPHATIC CHALK, UNGROUND",32305933,356503,T,90.619,,,
2026-02,2510100000,phosphate rock,control (never restricted),"NATURAL CALCIUM PHOSPHATES, NATURAL ALUMINUM CALCIUM PHOSPHATES AND PHOSPHATIC CHALK, UNGROUND",14001291,159739,T,87.651,,,
2026-03,2510100000,phosphate rock,control (never restricted),"NATURAL CALCIUM PHOSPHATES, NATURAL ALUMINUM CALCIUM PHOSPHATES AND PHOSPHATIC CHALK, UNGROUND",32209795,373704,T,86.1907,,,
2026-04,2510100000,phosphate rock,control (never restricted),"NATURAL CALCIUM PHOSPHATES, NATURAL ALUMINUM CALCIUM PHOSPHATES AND PHOSPHATIC CHALK, UNGROUND",20730227,240824,T,86.0804,,,
2026-05,2510100000,phosphate rock,control (never restricted),"NATURAL CALCIUM PHOSPHATES, NATURAL ALUMINUM CALCIUM PHOSPHATES AND PHOSPHATIC CHALK, UNGROUND",17811783,206205,T,86.379,,,
2026-06,2510100000,phosphate rock,control (never restricted),"NATURAL CALCIUM PHOSPHATES, NATURAL ALUMINUM CALCIUM PHOSPHATES AND PHOSPHATIC CHALK, UNGROUND",26705831,305749,T,87.3456,,,
2026-07,2510100000,phosphate rock,control (never restricted),"NATURAL CALCIUM PHOSPHATES, NATURAL ALUMINUM CALCIUM PHOSPHATES AND PHOSPHATIC CHALK, UNGROUND",26083654,302637,T,86.1879,,,
2023-01,2804900000,selenium,control (never restricted),SELENIUM,1398626,36524,KG,38.2933,,,
2023-02,2804900000,selenium,control (never restricted),SELENIUM,367895,22827,KG,16.1167,,,
2023-03,2804900000,selenium,control (never restricted),SELENIUM,538274,19363,KG,27.7991,,,
2023-04,2804900000,selenium,control (never restricted),SELENIUM,304958,18418,KG,16.5576,,,
2023-05,2804900000,selenium,control (never restricted),SELENIUM,1361720,39493,KG,34.48,,,
2023-06,2804900000,selenium,control (never restricted),SELENIUM,260809,5904,KG,44.175,,,
2023-07,2804900000,selenium,control (never restricted),SELENIUM,294940,9650,KG,30.5637,,,
2023-08,2804900000,selenium,control (never restricted),SELENIUM,1255836,47229,KG,26.5904,,,
2023-09,2804900000,selenium,control (never restricted),SELENIUM,212241,7653,KG,27.733,,,
2023-10,2804900000,selenium,control (never restricted),SELENIUM,1005449,18118,KG,55.4945,,,
2023-11,2804900000,selenium,control (never restricted),SELENIUM,158252,8043,KG,19.6757,,,
2023-12,2804900000,selenium,control (never restricted),SELENIUM,524259,25193,KG,20.8097,,,
2024-01,2804900000,selenium,control (never restricted),SELENIUM,490974,21444,KG,22.8956,,,
2024-02,2804900000,selenium,control (never restricted),SELENIUM,185865,8905,KG,20.872,,,
2024-03,2804900000,selenium,control (never restricted),SELENIUM,447371,32638,KG,13.7071,,,
2024-04,2804900000,selenium,control (never restricted),SELENIUM,469832,18246,KG,25.7499,,,
2024-05,2804900000,selenium,control (never restricted),SELENIUM,81783,1904,KG,42.9533,,,
2024-06,2804900000,selenium,control (never restricted),SELENIUM,1430131,47696,KG,29.9843,,,
2024-07,2804900000,selenium,control (never restricted),SELENIUM,171741,7911,KG,21.7091,,,
2024-08,2804900000,selenium,control (never restricted),SELENIUM,1407310,32578,KG,43.1982,,,
2024-09,2804900000,selenium,control (never restricted),SELENIUM,192885,4322,KG,44.6286,,,
2024-10,2804900000,selenium,control (never restricted),SELENIUM,547349,20997,KG,26.068,,,
2024-11,2804900000,selenium,control (never restricted),SELENIUM,467136,13053,KG,35.7876,,,
2024-12,2804900000,selenium,control (never restricted),SELENIUM,393949,15318,KG,25.718,,,
2025-01,2804900000,selenium,control (never restricted),SELENIUM,202911,7427,KG,27.3207,,,
2025-02,2804900000,selenium,control (never restricted),SELENIUM,1296404,40879,KG,31.7132,,,
2025-03,2804900000,selenium,control (never restricted),SELENIUM,1759078,65800,KG,26.7337,,,
2025-04,2804900000,selenium,control (never restricted),SELENIUM,544003,14462,KG,37.616,,,
2025-05,2804900000,selenium,control (never restricted),SELENIUM,2138276,57296,KG,37.3198,,,
2025-06,2804900000,selenium,control (never restricted),SELENIUM,298039,13638,KG,21.8536,,,
2025-07,2804900000,selenium,control (never restricted),SELENIUM,593871,16173,KG,36.7199,,,
2025-08,2804900000,selenium,control (never restricted),SELENIUM,430493,17587,KG,24.4779,,,
2025-09,2804900000,selenium,control (never restricted),SELENIUM,1920127,60692,KG,31.6372,,,
2025-10,2804900000,selenium,control (never restricted),SELENIUM,501244,21752,KG,23.0436,,,
2025-11,2804900000,selenium,control (never restricted),SELENIUM,521143,30488,KG,17.0934,,,
2025-12,2804900000,selenium,control (never restricted),SELENIUM,739046,26423,KG,27.9698,,,
2026-01,2804900000,selenium,control (never restricted),SELENIUM,645371,34953,KG,18.464,,,
2026-02,2804900000,selenium,control (never restricted),SELENIUM,1827018,48283,KG,37.8398,,,
2026-03,2804900000,selenium,control (never restricted),SELENIUM,741103,44664,KG,16.5928,,,
2026-04,2804900000,selenium,control (never restricted),SELENIUM,1622888,42182,KG,38.4735,,,
2026-05,2804900000,selenium,control (never restricted),SELENIUM,576723,21868,KG,26.3729,,,
2026-06,2804900000,selenium,control (never restricted),SELENIUM,2633406,69777,KG,37.7403,,,
2026-07,2804900000,selenium,control (never restricted),SELENIUM,752611,33735,KG,22.3095,,,
2023-01,2804610000,silicon (>=99.99%),control (never restricted),SILICON CONTAINING BY WEIGHT NOT LESS THAN 99.99 PERCENT OF SILICON,13358129,140283,KG,95.2227,,,
2023-02,2804610000,silicon (>=99.99%),control (never restricted),SILICON CONTAINING BY WEIGHT NOT LESS THAN 99.99 PERCENT OF SILICON,10806223,88974,KG,121.4537,,,
2023-03,2804610000,silicon (>=99.99%),control (never restricted),SILICON CONTAINING BY WEIGHT NOT LESS THAN 99.99 PERCENT OF SILICON,10831822,60227,KG,179.8499,,,
2023-04,2804610000,silicon (>=99.99%),control (never restricted),SILICON CONTAINING BY WEIGHT NOT LESS THAN 99.99 PERCENT OF SILICON,12916791,168140,KG,76.8216,,,
2023-05,2804610000,silicon (>=99.99%),control (never restricted),SILICON CONTAINING BY WEIGHT NOT LESS THAN 99.99 PERCENT OF SILICON,11119112,114078,KG,97.4694,,,
2023-06,2804610000,silicon (>=99.99%),control (never restricted),SILICON CONTAINING BY WEIGHT NOT LESS THAN 99.99 PERCENT OF SILICON,12867278,133101,KG,96.673,,,
2023-07,2804610000,silicon (>=99.99%),control (never restricted),SILICON CONTAINING BY WEIGHT NOT LESS THAN 99.99 PERCENT OF SILICON,6886344,45846,KG,150.206,,,
2023-08,2804610000,silicon (>=99.99%),control (never restricted),SILICON CONTAINING BY WEIGHT NOT LESS THAN 99.99 PERCENT OF SILICON,10305187,133092,KG,77.429,,,
2023-09,2804610000,silicon (>=99.99%),control (never restricted),SILICON CONTAINING BY WEIGHT NOT LESS THAN 99.99 PERCENT OF SILICON,6004038,31174,KG,192.5976,,,
2023-10,2804610000,silicon (>=99.99%),control (never restricted),SILICON CONTAINING BY WEIGHT NOT LESS THAN 99.99 PERCENT OF SILICON,5963570,71287,KG,83.6558,,,
2023-11,2804610000,silicon (>=99.99%),control (never restricted),SILICON CONTAINING BY WEIGHT NOT LESS THAN 99.99 PERCENT OF SILICON,6682689,112544,KG,59.3785,,,
2023-12,2804610000,silicon (>=99.99%),control (never restricted),SILICON CONTAINING BY WEIGHT NOT LESS THAN 99.99 PERCENT OF SILICON,8658036,182389,KG,47.4702,,,
2024-01,2804610000,silicon (>=99.99%),control (never restricted),SILICON CONTAINING BY WEIGHT NOT LESS THAN 99.99 PERCENT OF SILICON,8998461,110742,KG,81.2561,,,
2024-02,2804610000,silicon (>=99.99%),control (never restricted),SILICON CONTAINING BY WEIGHT NOT LESS THAN 99.99 PERCENT OF SILICON,8944836,125753,KG,71.1302,,,
2024-03,2804610000,silicon (>=99.99%),control (never restricted),SILICON CONTAINING BY WEIGHT NOT LESS THAN 99.99 PERCENT OF SILICON,7016584,62567,KG,112.1451,,,
2024-04,2804610000,silicon (>=99.99%),control (never restricted),SILICON CONTAINING BY WEIGHT NOT LESS THAN 99.99 PERCENT OF SILICON,10384210,144565,KG,71.8307,,,
2024-05,2804610000,silicon (>=99.99%),control (never restricted),SILICON CONTAINING BY WEIGHT NOT LESS THAN 99.99 PERCENT OF SILICON,5781727,58574,KG,98.7081,,,
2024-06,2804610000,silicon (>=99.99%),control (never restricted),SILICON CONTAINING BY WEIGHT NOT LESS THAN 99.99 PERCENT OF SILICON,11319906,162462,KG,69.6773,,,
2024-07,2804610000,silicon (>=99.99%),control (never restricted),SILICON CONTAINING BY WEIGHT NOT LESS THAN 99.99 PERCENT OF SILICON,8869285,90547,KG,97.9523,,,
2024-08,2804610000,silicon (>=99.99%),control (never restricted),SILICON CONTAINING BY WEIGHT NOT LESS THAN 99.99 PERCENT OF SILICON,9986532,92310,KG,108.1847,,,
2024-09,2804610000,silicon (>=99.99%),control (never restricted),SILICON CONTAINING BY WEIGHT NOT LESS THAN 99.99 PERCENT OF SILICON,8851854,48529,KG,182.4034,,,
2024-10,2804610000,silicon (>=99.99%),control (never restricted),SILICON CONTAINING BY WEIGHT NOT LESS THAN 99.99 PERCENT OF SILICON,12593783,257240,KG,48.9573,,,
2024-11,2804610000,silicon (>=99.99%),control (never restricted),SILICON CONTAINING BY WEIGHT NOT LESS THAN 99.99 PERCENT OF SILICON,4263101,49872,KG,85.4809,,,
2024-12,2804610000,silicon (>=99.99%),control (never restricted),SILICON CONTAINING BY WEIGHT NOT LESS THAN 99.99 PERCENT OF SILICON,5200954,82978,KG,62.6787,,,
2025-01,2804610000,silicon (>=99.99%),control (never restricted),SILICON CONTAINING BY WEIGHT NOT LESS THAN 99.99 PERCENT OF SILICON,6391844,115655,KG,55.2665,,,
2025-02,2804610000,silicon (>=99.99%),control (never restricted),SILICON CONTAINING BY WEIGHT NOT LESS THAN 99.99 PERCENT OF SILICON,20200259,693232,KG,29.1392,,,
2025-03,2804610000,silicon (>=99.99%),control (never restricted),SILICON CONTAINING BY WEIGHT NOT LESS THAN 99.99 PERCENT OF SILICON,22477145,1041285,KG,21.586,,,
2025-04,2804610000,silicon (>=99.99%),control (never restricted),SILICON CONTAINING BY WEIGHT NOT LESS THAN 99.99 PERCENT OF SILICON,15407562,526940,KG,29.2397,,,
2025-05,2804610000,silicon (>=99.99%),control (never restricted),SILICON CONTAINING BY WEIGHT NOT LESS THAN 99.99 PERCENT OF SILICON,12328999,454546,KG,27.1238,,,
2025-06,2804610000,silicon (>=99.99%),control (never restricted),SILICON CONTAINING BY WEIGHT NOT LESS THAN 99.99 PERCENT OF SILICON,15506995,270944,KG,57.2332,,,
2025-07,2804610000,silicon (>=99.99%),control (never restricted),SILICON CONTAINING BY WEIGHT NOT LESS THAN 99.99 PERCENT OF SILICON,15580844,543887,KG,28.6472,,,
2025-08,2804610000,silicon (>=99.99%),control (never restricted),SILICON CONTAINING BY WEIGHT NOT LESS THAN 99.99 PERCENT OF SILICON,15529770,504357,KG,30.7912,,,
2025-09,2804610000,silicon (>=99.99%),control (never restricted),SILICON CONTAINING BY WEIGHT NOT LESS THAN 99.99 PERCENT OF SILICON,19601326,686926,KG,28.5348,,,
2025-10,2804610000,silicon (>=99.99%),control (never restricted),SILICON CONTAINING BY WEIGHT NOT LESS THAN 99.99 PERCENT OF SILICON,20496832,935021,KG,21.9213,,,
2025-11,2804610000,silicon (>=99.99%),control (never restricted),SILICON CONTAINING BY WEIGHT NOT LESS THAN 99.99 PERCENT OF SILICON,5760842,72766,KG,79.1694,,,
2025-12,2804610000,silicon (>=99.99%),control (never restricted),SILICON CONTAINING BY WEIGHT NOT LESS THAN 99.99 PERCENT OF SILICON,18867324,945924,KG,19.9459,,,
2026-01,2804610000,silicon (>=99.99%),control (never restricted),SILICON CONTAINING BY WEIGHT NOT LESS THAN 99.99 PERCENT OF SILICON,8049886,117769,KG,68.3532,,,
2026-02,2804610000,silicon (>=99.99%),control (never restricted),SILICON CONTAINING BY WEIGHT NOT LESS THAN 99.99 PERCENT OF SILICON,7578049,165470,KG,45.7971,,,
2026-03,2804610000,silicon (>=99.99%),control (never restricted),SILICON CONTAINING BY WEIGHT NOT LESS THAN 99.99 PERCENT OF SILICON,4825984,45718,KG,105.5598,,,
2026-04,2804610000,silicon (>=99.99%),control (never restricted),SILICON CONTAINING BY WEIGHT NOT LESS THAN 99.99 PERCENT OF SILICON,6092669,211748,KG,28.7732,,,
2026-05,2804610000,silicon (>=99.99%),control (never restricted),SILICON CONTAINING BY WEIGHT NOT LESS THAN 99.99 PERCENT OF SILICON,9398783,389827,KG,24.1101,,,
2026-06,2804610000,silicon (>=99.99%),control (never restricted),SILICON CONTAINING BY WEIGHT NOT LESS THAN 99.99 PERCENT OF SILICON,8108502,298090,KG,27.2015,,,
2026-07,2804610000,silicon (>=99.99%),control (never restricted),SILICON CONTAINING BY WEIGHT NOT LESS THAN 99.99 PERCENT OF SILICON,6457801,145772,KG,44.3007,,,
2023-01,2804691000,silicon (other),control (never restricted),SILICON CONTAINING BY WEIGHT LESS THAN 99.99 PERCENT BUT NOT LESS    THAN 99 PERCENT OF SILICON,23313853,4084063,KG,5.7085,,,
2023-02,2804691000,silicon (other),control (never restricted),SILICON CONTAINING BY WEIGHT LESS THAN 99.99 PERCENT BUT NOT LESS    THAN 99 PERCENT OF SILICON,31527915,6527505,KG,4.83,,,
2023-03,2804691000,silicon (other),control (never restricted),SILICON CONTAINING BY WEIGHT LESS THAN 99.99 PERCENT BUT NOT LESS    THAN 99 PERCENT OF SILICON,21920309,4448578,KG,4.9275,,,
2023-04,2804691000,silicon (other),control (never restricted),SILICON CONTAINING BY WEIGHT LESS THAN 99.99 PERCENT BUT NOT LESS    THAN 99 PERCENT OF SILICON,37424100,7222854,KG,5.1813,,,
2023-05,2804691000,silicon (other),control (never restricted),SILICON CONTAINING BY WEIGHT LESS THAN 99.99 PERCENT BUT NOT LESS    THAN 99 PERCENT OF SILICON,30170018,7004036,KG,4.3075,,,
2023-06,2804691000,silicon (other),control (never restricted),SILICON CONTAINING BY WEIGHT LESS THAN 99.99 PERCENT BUT NOT LESS    THAN 99 PERCENT OF SILICON,34488935,8196186,KG,4.2079,,,
2023-07,2804691000,silicon (other),control (never restricted),SILICON CONTAINING BY WEIGHT LESS THAN 99.99 PERCENT BUT NOT LESS    THAN 99 PERCENT OF SILICON,37691716,9505900,KG,3.9651,,,
2023-08,2804691000,silicon (other),control (never restricted),SILICON CONTAINING BY WEIGHT LESS THAN 99.99 PERCENT BUT NOT LESS    THAN 99 PERCENT OF SILICON,41423122,10232074,KG,4.0484,,,
2023-09,2804691000,silicon (other),control (never restricted),SILICON CONTAINING BY WEIGHT LESS THAN 99.99 PERCENT BUT NOT LESS    THAN 99 PERCENT OF SILICON,21198682,6160781,KG,3.4409,,,
2023-10,2804691000,silicon (other),control (never restricted),SILICON CONTAINING BY WEIGHT LESS THAN 99.99 PERCENT BUT NOT LESS    THAN 99 PERCENT OF SILICON,15712677,4500446,KG,3.4914,,,
2023-11,2804691000,silicon (other),control (never restricted),SILICON CONTAINING BY WEIGHT LESS THAN 99.99 PERCENT BUT NOT LESS    THAN 99 PERCENT OF SILICON,33518384,8986064,KG,3.73,,,
2023-12,2804691000,silicon (other),control (never restricted),SILICON CONTAINING BY WEIGHT LESS THAN 99.99 PERCENT BUT NOT LESS    THAN 99 PERCENT OF SILICON,21640049,6497793,KG,3.3304,,,
2024-01,2804691000,silicon (other),control (never restricted),SILICON CONTAINING BY WEIGHT LESS THAN 99.99 PERCENT BUT NOT LESS    THAN 99 PERCENT OF SILICON,25156284,7922028,KG,3.1755,,,
2024-02,2804691000,silicon (other),control (never restricted),SILICON CONTAINING BY WEIGHT LESS THAN 99.99 PERCENT BUT NOT LESS    THAN 99 PERCENT OF SILICON,24308781,7409722,KG,3.2807,,,
2024-03,2804691000,silicon (other),control (never restricted),SILICON CONTAINING BY WEIGHT LESS THAN 99.99 PERCENT BUT NOT LESS    THAN 99 PERCENT OF SILICON,29030167,8681106,KG,3.3441,,,
2024-04,2804691000,silicon (other),control (never restricted),SILICON CONTAINING BY WEIGHT LESS THAN 99.99 PERCENT BUT NOT LESS    THAN 99 PERCENT OF SILICON,44675480,13960222,KG,3.2002,,,
2024-05,2804691000,silicon (other),control (never restricted),SILICON CONTAINING BY WEIGHT LESS THAN 99.99 PERCENT BUT NOT LESS    THAN 99 PERCENT OF SILICON,33896992,10791944,KG,3.141,,,
2024-06,2804691000,silicon (other),control (never restricted),SILICON CONTAINING BY WEIGHT LESS THAN 99.99 PERCENT BUT NOT LESS    THAN 99 PERCENT OF SILICON,26401094,8484169,KG,3.1118,,,
2024-07,2804691000,silicon (other),control (never restricted),SILICON CONTAINING BY WEIGHT LESS THAN 99.99 PERCENT BUT NOT LESS    THAN 99 PERCENT OF SILICON,50820616,16247193,KG,3.128,,,
2024-08,2804691000,silicon (other),control (never restricted),SILICON CONTAINING BY WEIGHT LESS THAN 99.99 PERCENT BUT NOT LESS    THAN 99 PERCENT OF SILICON,30669680,10167678,KG,3.0164,,,
2024-09,2804691000,silicon (other),control (never restricted),SILICON CONTAINING BY WEIGHT LESS THAN 99.99 PERCENT BUT NOT LESS    THAN 99 PERCENT OF SILICON,42411429,13367704,KG,3.1727,,,
2024-10,2804691000,silicon (other),control (never restricted),SILICON CONTAINING BY WEIGHT LESS THAN 99.99 PERCENT BUT NOT LESS    THAN 99 PERCENT OF SILICON,30831564,9282608,KG,3.3214,,,
2024-11,2804691000,silicon (other),control (never restricted),SILICON CONTAINING BY WEIGHT LESS THAN 99.99 PERCENT BUT NOT LESS    THAN 99 PERCENT OF SILICON,34929125,10930488,KG,3.1956,,,
2024-12,2804691000,silicon (other),control (never restricted),SILICON CONTAINING BY WEIGHT LESS THAN 99.99 PERCENT BUT NOT LESS    THAN 99 PERCENT OF SILICON,42596418,12184696,KG,3.4959,,,
2025-01,2804691000,silicon (other),control (never restricted),SILICON CONTAINING BY WEIGHT LESS THAN 99.99 PERCENT BUT NOT LESS    THAN 99 PERCENT OF SILICON,44145304,13847220,KG,3.188,,,
2025-02,2804691000,silicon (other),control (never restricted),SILICON CONTAINING BY WEIGHT LESS THAN 99.99 PERCENT BUT NOT LESS    THAN 99 PERCENT OF SILICON,40415952,13093774,KG,3.0867,,,
2025-03,2804691000,silicon (other),control (never restricted),SILICON CONTAINING BY WEIGHT LESS THAN 99.99 PERCENT BUT NOT LESS    THAN 99 PERCENT OF SILICON,48456161,16092557,KG,3.0111,,,
2025-04,2804691000,silicon (other),control (never restricted),SILICON CONTAINING BY WEIGHT LESS THAN 99.99 PERCENT BUT NOT LESS    THAN 99 PERCENT OF SILICON,37708331,12670972,KG,2.976,,,
2025-05,2804691000,silicon (other),control (never restricted),SILICON CONTAINING BY WEIGHT LESS THAN 99.99 PERCENT BUT NOT LESS    THAN 99 PERCENT OF SILICON,40522243,13190434,KG,3.0721,,,
2025-06,2804691000,silicon (other),control (never restricted),SILICON CONTAINING BY WEIGHT LESS THAN 99.99 PERCENT BUT NOT LESS    THAN 99 PERCENT OF SILICON,31783479,11074640,KG,2.8699,,,
2025-07,2804691000,silicon (other),control (never restricted),SILICON CONTAINING BY WEIGHT LESS THAN 99.99 PERCENT BUT NOT LESS    THAN 99 PERCENT OF SILICON,28103738,9184339,KG,3.06,,,
2025-08,2804691000,silicon (other),control (never restricted),SILICON CONTAINING BY WEIGHT LESS THAN 99.99 PERCENT BUT NOT LESS    THAN 99 PERCENT OF SILICON,31462973,10527782,KG,2.9886,,,
2025-09,2804691000,silicon (other),control (never restricted),SILICON CONTAINING BY WEIGHT LESS THAN 99.99 PERCENT BUT NOT LESS    THAN 99 PERCENT OF SILICON,25398465,7818458,KG,3.2485,,,
2025-10,2804691000,silicon (other),control (never restricted),SILICON CONTAINING BY WEIGHT LESS THAN 99.99 PERCENT BUT NOT LESS    THAN 99 PERCENT OF SILICON,27140372,8998952,KG,3.0159,,,
2025-11,2804691000,silicon (other),control (never restricted),SILICON CONTAINING BY WEIGHT LESS THAN 99.99 PERCENT BUT NOT LESS    THAN 99 PERCENT OF SILICON,41198279,13108938,KG,3.1428,,,
2025-12,2804691000,silicon (other),control (never restricted),SILICON CONTAINING BY WEIGHT LESS THAN 99.99 PERCENT BUT NOT LESS    THAN 99 PERCENT OF SILICON,28550573,9487463,KG,3.0093,,,
2026-01,2804691000,silicon (other),control (never restricted),SILICON CONTAINING BY WEIGHT LESS THAN 99.99 PERCENT BUT NOT LESS    THAN 99 PERCENT OF SILICON,34995306,11402250,KG,3.0692,,,
2026-02,2804691000,silicon (other),control (never restricted),SILICON CONTAINING BY WEIGHT LESS THAN 99.99 PERCENT BUT NOT LESS    THAN 99 PERCENT OF SILICON,28177443,9924966,KG,2.839,,,
2026-03,2804691000,silicon (other),control (never restricted),SILICON CONTAINING BY WEIGHT LESS THAN 99.99 PERCENT BUT NOT LESS    THAN 99 PERCENT OF SILICON,53651171,17568989,KG,3.0537,,,
2026-04,2804691000,silicon (other),control (never restricted),SILICON CONTAINING BY WEIGHT LESS THAN 99.99 PERCENT BUT NOT LESS    THAN 99 PERCENT OF SILICON,43022475,14416866,KG,2.9842,,,
2026-05,2804691000,silicon (other),control (never restricted),SILICON CONTAINING BY WEIGHT LESS THAN 99.99 PERCENT BUT NOT LESS    THAN 99 PERCENT OF SILICON,27043486,9838353,KG,2.7488,,,
2026-06,2804691000,silicon (other),control (never restricted),SILICON CONTAINING BY WEIGHT LESS THAN 99.99 PERCENT BUT NOT LESS    THAN 99 PERCENT OF SILICON,43817263,14900599,KG,2.9406,,,
2026-07,2804691000,silicon (other),control (never restricted),SILICON CONTAINING BY WEIGHT LESS THAN 99.99 PERCENT BUT NOT LESS    THAN 99 PERCENT OF SILICON,41015411,13599447,KG,3.016,,,
2023-01,8001100000,tin (not alloyed),control (never restricted),"TIN, UNWROUGHT, NOT ALLOYED",63276230,2580261,KG,24.5232,,,
2023-02,8001100000,tin (not alloyed),control (never restricted),"TIN, UNWROUGHT, NOT ALLOYED",64118513,2436638,KG,26.3143,,,
2023-03,8001100000,tin (not alloyed),control (never restricted),"TIN, UNWROUGHT, NOT ALLOYED",42590267,1558399,KG,27.3295,,,
2023-04,8001100000,tin (not alloyed),control (never restricted),"TIN, UNWROUGHT, NOT ALLOYED",43264091,1641347,KG,26.3589,,,
2023-05,8001100000,tin (not alloyed),control (never restricted),"TIN, UNWROUGHT, NOT ALLOYED",97651842,3711583,KG,26.31,,,
2023-06,8001100000,tin (not alloyed),control (never restricted),"TIN, UNWROUGHT, NOT ALLOYED",58791214,2202115,KG,26.6976,,,
2023-07,8001100000,tin (not alloyed),control (never restricted),"TIN, UNWROUGHT, NOT ALLOYED",76007239,2818234,KG,26.9698,,,
2023-08,8001100000,tin (not alloyed),control (never restricted),"TIN, UNWROUGHT, NOT ALLOYED",82715274,2917844,KG,28.3481,,,
2023-09,8001100000,tin (not alloyed),control (never restricted),"TIN, UNWROUGHT, NOT ALLOYED",67224087,2470813,KG,27.2073,,,
2023-10,8001100000,tin (not alloyed),control (never restricted),"TIN, UNWROUGHT, NOT ALLOYED",47512163,1789825,KG,26.5457,,,
2023-11,8001100000,tin (not alloyed),control (never restricted),"TIN, UNWROUGHT, NOT ALLOYED",46925681,1824241,KG,25.7234,,,
2023-12,8001100000,tin (not alloyed),control (never restricted),"TIN, UNWROUGHT, NOT ALLOYED",59701770,2333149,KG,25.5885,,,
2024-01,8001100000,tin (not alloyed),control (never restricted),"TIN, UNWROUGHT, NOT ALLOYED",35237918,1375287,KG,25.6222,,,
2024-02,8001100000,tin (not alloyed),control (never restricted),"TIN, UNWROUGHT, NOT ALLOYED",50180660,1968645,KG,25.4899,,,
2024-03,8001100000,tin (not alloyed),control (never restricted),"TIN, UNWROUGHT, NOT ALLOYED",51871415,1949917,KG,26.6019,,,
2024-04,8001100000,tin (not alloyed),control (never restricted),"TIN, UNWROUGHT, NOT ALLOYED",59277700,2139051,KG,27.7121,,,
2024-05,8001100000,tin (not alloyed),control (never restricted),"TIN, UNWROUGHT, NOT ALLOYED",63822196,2031254,KG,31.4201,,,
2024-06,8001100000,tin (not alloyed),control (never restricted),"TIN, UNWROUGHT, NOT ALLOYED",81732981,2574962,KG,31.7414,,,
2024-07,8001100000,tin (not alloyed),control (never restricted),"TIN, UNWROUGHT, NOT ALLOYED",75046154,2274792,KG,32.9903,,,
2024-08,8001100000,tin (not alloyed),control (never restricted),"TIN, UNWROUGHT, NOT ALLOYED",80721430,2439439,KG,33.0902,,,
2024-09,8001100000,tin (not alloyed),control (never restricted),"TIN, UNWROUGHT, NOT ALLOYED",55211618,1730086,KG,31.9126,,,
2024-10,8001100000,tin (not alloyed),control (never restricted),"TIN, UNWROUGHT, NOT ALLOYED",75996224,2392370,KG,31.7661,,,
2024-11,8001100000,tin (not alloyed),control (never restricted),"TIN, UNWROUGHT, NOT ALLOYED",79089037,2666962,KG,29.6551,,,
2024-12,8001100000,tin (not alloyed),control (never restricted),"TIN, UNWROUGHT, NOT ALLOYED",64604412,2024332,KG,31.9139,,,
2025-01,8001100000,tin (not alloyed),control (never restricted),"TIN, UNWROUGHT, NOT ALLOYED",107839619,3580498,KG,30.1186,,,
2025-02,8001100000,tin (not alloyed),control (never restricted),"TIN, UNWROUGHT, NOT ALLOYED",62885694,2108980,KG,29.8181,,,
2025-03,8001100000,tin (not alloyed),control (never restricted),"TIN, UNWROUGHT, NOT ALLOYED",77871483,2540053,KG,30.6574,,,
2025-04,8001100000,tin (not alloyed),control (never restricted),"TIN, UNWROUGHT, NOT ALLOYED",85537406,2645193,KG,32.3369,,,
2025-05,8001100000,tin (not alloyed),control (never restricted),"TIN, UNWROUGHT, NOT ALLOYED",94170676,2921047,KG,32.2387,,,
2025-06,8001100000,tin (not alloyed),control (never restricted),"TIN, UNWROUGHT, NOT ALLOYED",64259754,2852646,KG,22.5264,,,
2025-07,8001100000,tin (not alloyed),control (never restricted),"TIN, UNWROUGHT, NOT ALLOYED",64706039,2198720,KG,29.429,,,
2025-08,8001100000,tin (not alloyed),control (never restricted),"TIN, UNWROUGHT, NOT ALLOYED",89540167,2658687,KG,33.6783,,,
2025-09,8001100000,tin (not alloyed),control (never restricted),"TIN, UNWROUGHT, NOT ALLOYED",82117944,3280775,KG,25.03,,,
2025-10,8001100000,tin (not alloyed),control (never restricted),"TIN, UNWROUGHT, NOT ALLOYED",74735288,2127310,KG,35.1314,,,
2025-11,8001100000,tin (not alloyed),control (never restricted),"TIN, UNWROUGHT, NOT ALLOYED",105225325,2947589,KG,35.6988,,,
2025-12,8001100000,tin (not alloyed),control (never restricted),"TIN, UNWROUGHT, NOT ALLOYED",69295154,2163918,KG,32.023,,,
2026-01,8001100000,tin (not alloyed),control (never restricted),"TIN, UNWROUGHT, NOT ALLOYED",106685296,2586896,KG,41.2407,,,
2026-02,8001100000,tin (not alloyed),control (never restricted),"TIN, UNWROUGHT, NOT ALLOYED",88650405,1941782,KG,45.6541,,,
2026-03,8001100000,tin (not alloyed),control (never restricted),"TIN, UNWROUGHT, NOT ALLOYED",80415304,1692451,KG,47.5141,,,
2026-04,8001100000,tin (not alloyed),control (never restricted),"TIN, UNWROUGHT, NOT ALLOYED",89396618,1880241,KG,47.5453,,,
2026-05,8001100000,tin (not alloyed),control (never restricted),"TIN, UNWROUGHT, NOT ALLOYED",51074091,1092517,KG,46.749,,,
2026-06,8001100000,tin (not alloyed),control (never restricted),"TIN, UNWROUGHT, NOT ALLOYED",147946988,2868456,KG,51.5772,,,
2026-07,8001100000,tin (not alloyed),control (never restricted),"TIN, UNWROUGHT, NOT ALLOYED",109584886,2092277,KG,52.3759,,,
2023-01,7901110000,zinc (>=99.99%),control (never restricted),"ZINC, UNWROUGHT, NOT ALLOYED, CONTAINING BY WEIGHT 99.99 PERCENT OR MORE OF ZINC",253164600,76067929,KG,3.3281,,,
2023-02,7901110000,zinc (>=99.99%),control (never restricted),"ZINC, UNWROUGHT, NOT ALLOYED, CONTAINING BY WEIGHT 99.99 PERCENT OR MORE OF ZINC",205201300,56881725,KG,3.6075,,,
2023-03,7901110000,zinc (>=99.99%),control (never restricted),"ZINC, UNWROUGHT, NOT ALLOYED, CONTAINING BY WEIGHT 99.99 PERCENT OR MORE OF ZINC",163778045,45747252,KG,3.5801,,,
2023-04,7901110000,zinc (>=99.99%),control (never restricted),"ZINC, UNWROUGHT, NOT ALLOYED, CONTAINING BY WEIGHT 99.99 PERCENT OR MORE OF ZINC",158581967,46975842,KG,3.3758,,,
2023-05,7901110000,zinc (>=99.99%),control (never restricted),"ZINC, UNWROUGHT, NOT ALLOYED, CONTAINING BY WEIGHT 99.99 PERCENT OR MORE OF ZINC",72982747,22857260,KG,3.193,,,
2023-06,7901110000,zinc (>=99.99%),control (never restricted),"ZINC, UNWROUGHT, NOT ALLOYED, CONTAINING BY WEIGHT 99.99 PERCENT OR MORE OF ZINC",58704637,19510591,KG,3.0089,,,
2023-07,7901110000,zinc (>=99.99%),control (never restricted),"ZINC, UNWROUGHT, NOT ALLOYED, CONTAINING BY WEIGHT 99.99 PERCENT OR MORE OF ZINC",106639695,38909952,KG,2.7407,,,
2023-08,7901110000,zinc (>=99.99%),control (never restricted),"ZINC, UNWROUGHT, NOT ALLOYED, CONTAINING BY WEIGHT 99.99 PERCENT OR MORE OF ZINC",69596196,24308590,KG,2.863,,,
2023-09,7901110000,zinc (>=99.99%),control (never restricted),"ZINC, UNWROUGHT, NOT ALLOYED, CONTAINING BY WEIGHT 99.99 PERCENT OR MORE OF ZINC",71785625,24884360,KG,2.8848,,,
2023-10,7901110000,zinc (>=99.99%),control (never restricted),"ZINC, UNWROUGHT, NOT ALLOYED, CONTAINING BY WEIGHT 99.99 PERCENT OR MORE OF ZINC",64509945,22200359,KG,2.9058,,,
2023-11,7901110000,zinc (>=99.99%),control (never restricted),"ZINC, UNWROUGHT, NOT ALLOYED, CONTAINING BY WEIGHT 99.99 PERCENT OR MORE OF ZINC",70268690,24079545,KG,2.9182,,,
2023-12,7901110000,zinc (>=99.99%),control (never restricted),"ZINC, UNWROUGHT, NOT ALLOYED, CONTAINING BY WEIGHT 99.99 PERCENT OR MORE OF ZINC",75773095,25901307,KG,2.9255,,,
2024-01,7901110000,zinc (>=99.99%),control (never restricted),"ZINC, UNWROUGHT, NOT ALLOYED, CONTAINING BY WEIGHT 99.99 PERCENT OR MORE OF ZINC",60720244,20696764,KG,2.9338,,,
2024-02,7901110000,zinc (>=99.99%),control (never restricted),"ZINC, UNWROUGHT, NOT ALLOYED, CONTAINING BY WEIGHT 99.99 PERCENT OR MORE OF ZINC",73244192,26929314,KG,2.7199,,,
2024-03,7901110000,zinc (>=99.99%),control (never restricted),"ZINC, UNWROUGHT, NOT ALLOYED, CONTAINING BY WEIGHT 99.99 PERCENT OR MORE OF ZINC",94756751,35404485,KG,2.6764,,,
2024-04,7901110000,zinc (>=99.99%),control (never restricted),"ZINC, UNWROUGHT, NOT ALLOYED, CONTAINING BY WEIGHT 99.99 PERCENT OR MORE OF ZINC",70240886,26107536,KG,2.6904,,,
2024-05,7901110000,zinc (>=99.99%),control (never restricted),"ZINC, UNWROUGHT, NOT ALLOYED, CONTAINING BY WEIGHT 99.99 PERCENT OR MORE OF ZINC",81711159,28242955,KG,2.8932,,,
2024-06,7901110000,zinc (>=99.99%),control (never restricted),"ZINC, UNWROUGHT, NOT ALLOYED, CONTAINING BY WEIGHT 99.99 PERCENT OR MORE OF ZINC",79983264,26715232,KG,2.9939,,,
2024-07,7901110000,zinc (>=99.99%),control (never restricted),"ZINC, UNWROUGHT, NOT ALLOYED, CONTAINING BY WEIGHT 99.99 PERCENT OR MORE OF ZINC",78851030,25951969,KG,3.0383,,,
2024-08,7901110000,zinc (>=99.99%),control (never restricted),"ZINC, UNWROUGHT, NOT ALLOYED, CONTAINING BY WEIGHT 99.99 PERCENT OR MORE OF ZINC",69005405,22931537,KG,3.0092,,,
2024-09,7901110000,zinc (>=99.99%),control (never restricted),"ZINC, UNWROUGHT, NOT ALLOYED, CONTAINING BY WEIGHT 99.99 PERCENT OR MORE OF ZINC",93808400,31248136,KG,3.002,,,
2024-10,7901110000,zinc (>=99.99%),control (never restricted),"ZINC, UNWROUGHT, NOT ALLOYED, CONTAINING BY WEIGHT 99.99 PERCENT OR MORE OF ZINC",94794002,31992799,KG,2.963,,,
2024-11,7901110000,zinc (>=99.99%),control (never restricted),"ZINC, UNWROUGHT, NOT ALLOYED, CONTAINING BY WEIGHT 99.99 PERCENT OR MORE OF ZINC",72077867,23479323,KG,3.0698,,,
2024-12,7901110000,zinc (>=99.99%),control (never restricted),"ZINC, UNWROUGHT, NOT ALLOYED, CONTAINING BY WEIGHT 99.99 PERCENT OR MORE OF ZINC",97073129,30157799,KG,3.2188,,,
2025-01,7901110000,zinc (>=99.99%),control (never restricted),"ZINC, UNWROUGHT, NOT ALLOYED, CONTAINING BY WEIGHT 99.99 PERCENT OR MORE OF ZINC",74364302,23762055,KG,3.1295,,,
2025-02,7901110000,zinc (>=99.99%),control (never restricted),"ZINC, UNWROUGHT, NOT ALLOYED, CONTAINING BY WEIGHT 99.99 PERCENT OR MORE OF ZINC",68035609,21763344,KG,3.1262,,,
2025-03,7901110000,zinc (>=99.99%),control (never restricted),"ZINC, UNWROUGHT, NOT ALLOYED, CONTAINING BY WEIGHT 99.99 PERCENT OR MORE OF ZINC",101597749,32856469,KG,3.0922,,,
2025-04,7901110000,zinc (>=99.99%),control (never restricted),"ZINC, UNWROUGHT, NOT ALLOYED, CONTAINING BY WEIGHT 99.99 PERCENT OR MORE OF ZINC",77178146,26887911,KG,2.8704,,,
2025-05,7901110000,zinc (>=99.99%),control (never restricted),"ZINC, UNWROUGHT, NOT ALLOYED, CONTAINING BY WEIGHT 99.99 PERCENT OR MORE OF ZINC",105041720,35874689,KG,2.928,,,
2025-06,7901110000,zinc (>=99.99%),control (never restricted),"ZINC, UNWROUGHT, NOT ALLOYED, CONTAINING BY WEIGHT 99.99 PERCENT OR MORE OF ZINC",119715961,42074089,KG,2.8454,,,
2025-07,7901110000,zinc (>=99.99%),control (never restricted),"ZINC, UNWROUGHT, NOT ALLOYED, CONTAINING BY WEIGHT 99.99 PERCENT OR MORE OF ZINC",78171857,27190766,KG,2.8749,,,
2025-08,7901110000,zinc (>=99.99%),control (never restricted),"ZINC, UNWROUGHT, NOT ALLOYED, CONTAINING BY WEIGHT 99.99 PERCENT OR MORE OF ZINC",73636072,25579118,KG,2.8788,,,
2025-09,7901110000,zinc (>=99.99%),control (never restricted),"ZINC, UNWROUGHT, NOT ALLOYED, CONTAINING BY WEIGHT 99.99 PERCENT OR MORE OF ZINC",192720854,65769386,KG,2.9303,,,
2025-10,7901110000,zinc (>=99.99%),control (never restricted),"ZINC, UNWROUGHT, NOT ALLOYED, CONTAINING BY WEIGHT 99.99 PERCENT OR MORE OF ZINC",96278938,31873068,KG,3.0207,,,
2025-11,7901110000,zinc (>=99.99%),control (never restricted),"ZINC, UNWROUGHT, NOT ALLOYED, CONTAINING BY WEIGHT 99.99 PERCENT OR MORE OF ZINC",151244511,48356085,KG,3.1277,,,
2025-12,7901110000,zinc (>=99.99%),control (never restricted),"ZINC, UNWROUGHT, NOT ALLOYED, CONTAINING BY WEIGHT 99.99 PERCENT OR MORE OF ZINC",112864343,33500171,KG,3.3691,,,
2026-01,7901110000,zinc (>=99.99%),control (never restricted),"ZINC, UNWROUGHT, NOT ALLOYED, CONTAINING BY WEIGHT 99.99 PERCENT OR MORE OF ZINC",100083562,29930230,KG,3.3439,,,
2026-02,7901110000,zinc (>=99.99%),control (never restricted),"ZINC, UNWROUGHT, NOT ALLOYED, CONTAINING BY WEIGHT 99.99 PERCENT OR MORE OF ZINC",120475697,35547373,KG,3.3892,,,
2026-03,7901110000,zinc (>=99.99%),control (never restricted),"ZINC, UNWROUGHT, NOT ALLOYED, CONTAINING BY WEIGHT 99.99 PERCENT OR MORE OF ZINC",130445841,38309891,KG,3.405,,,
2026-04,7901110000,zinc (>=99.99%),control (never restricted),"ZINC, UNWROUGHT, NOT ALLOYED, CONTAINING BY WEIGHT 99.99 PERCENT OR MORE OF ZINC",88194005,25575131,KG,3.4484,,,
2026-05,7901110000,zinc (>=99.99%),control (never restricted),"ZINC, UNWROUGHT, NOT ALLOYED, CONTAINING BY WEIGHT 99.99 PERCENT OR MORE OF ZINC",78603488,22554266,KG,3.4851,,,
2026-06,7901110000,zinc (>=99.99%),control (never restricted),"ZINC, UNWROUGHT, NOT ALLOYED, CONTAINING BY WEIGHT 99.99 PERCENT OR MORE OF ZINC",90656751,24875339,KG,3.6444,,,
2026-07,7901110000,zinc (>=99.99%),control (never restricted),"ZINC, UNWROUGHT, NOT ALLOYED, CONTAINING BY WEIGHT 99.99 PERCENT OR MORE OF ZINC",71589229,18843139,KG,3.7992,,,
2023-01,8109210000,zirconium (unwrought),control (never restricted),UNWROUGHT ZIRCONIUM POWDERS CONTAINING LESS THAN 1 PART HAFNIUM TO 500 PARTS ZIRCONIUM BY WEIGHT,1956948,38992,KG,50.1884,,,
2023-02,8109210000,zirconium (unwrought),control (never restricted),UNWROUGHT ZIRCONIUM POWDERS CONTAINING LESS THAN 1 PART HAFNIUM TO 500 PARTS ZIRCONIUM BY WEIGHT,6385231,101559,KG,62.8721,,,
2023-03,8109210000,zirconium (unwrought),control (never restricted),UNWROUGHT ZIRCONIUM POWDERS CONTAINING LESS THAN 1 PART HAFNIUM TO 500 PARTS ZIRCONIUM BY WEIGHT,21225,1824,KG,11.6365,,,
2023-04,8109210000,zirconium (unwrought),control (never restricted),UNWROUGHT ZIRCONIUM POWDERS CONTAINING LESS THAN 1 PART HAFNIUM TO 500 PARTS ZIRCONIUM BY WEIGHT,130475,11328,KG,11.5179,,,
2023-05,8109210000,zirconium (unwrought),control (never restricted),UNWROUGHT ZIRCONIUM POWDERS CONTAINING LESS THAN 1 PART HAFNIUM TO 500 PARTS ZIRCONIUM BY WEIGHT,40605,6219,KG,6.5292,,,
2023-06,8109210000,zirconium (unwrought),control (never restricted),UNWROUGHT ZIRCONIUM POWDERS CONTAINING LESS THAN 1 PART HAFNIUM TO 500 PARTS ZIRCONIUM BY WEIGHT,22273,1818,KG,12.2514,,,
2023-07,8109210000,zirconium (unwrought),control (never restricted),UNWROUGHT ZIRCONIUM POWDERS CONTAINING LESS THAN 1 PART HAFNIUM TO 500 PARTS ZIRCONIUM BY WEIGHT,57367,1671,KG,34.3309,,,
2023-08,8109210000,zirconium (unwrought),control (never restricted),UNWROUGHT ZIRCONIUM POWDERS CONTAINING LESS THAN 1 PART HAFNIUM TO 500 PARTS ZIRCONIUM BY WEIGHT,716354,12005,KG,59.6713,,,
2023-09,8109210000,zirconium (unwrought),control (never restricted),UNWROUGHT ZIRCONIUM POWDERS CONTAINING LESS THAN 1 PART HAFNIUM TO 500 PARTS ZIRCONIUM BY WEIGHT,35700,170,KG,210.0,,,
2023-10,8109210000,zirconium (unwrought),control (never restricted),UNWROUGHT ZIRCONIUM POWDERS CONTAINING LESS THAN 1 PART HAFNIUM TO 500 PARTS ZIRCONIUM BY WEIGHT,1206112,23183,KG,52.0257,,,
2023-11,8109210000,zirconium (unwrought),control (never restricted),UNWROUGHT ZIRCONIUM POWDERS CONTAINING LESS THAN 1 PART HAFNIUM TO 500 PARTS ZIRCONIUM BY WEIGHT,2810503,46449,KG,60.5073,,,
2023-12,8109210000,zirconium (unwrought),control (never restricted),UNWROUGHT ZIRCONIUM POWDERS CONTAINING LESS THAN 1 PART HAFNIUM TO 500 PARTS ZIRCONIUM BY WEIGHT,140308,2888,KG,48.5831,,,
2024-01,8109210000,zirconium (unwrought),control (never restricted),UNWROUGHT ZIRCONIUM POWDERS CONTAINING LESS THAN 1 PART HAFNIUM TO 500 PARTS ZIRCONIUM BY WEIGHT,4117119,68914,KG,59.7429,,,
2024-02,8109210000,zirconium (unwrought),control (never restricted),UNWROUGHT ZIRCONIUM POWDERS CONTAINING LESS THAN 1 PART HAFNIUM TO 500 PARTS ZIRCONIUM BY WEIGHT,48130,3654,KG,13.1719,,,
2024-03,8109210000,zirconium (unwrought),control (never restricted),UNWROUGHT ZIRCONIUM POWDERS CONTAINING LESS THAN 1 PART HAFNIUM TO 500 PARTS ZIRCONIUM BY WEIGHT,6300323,100000,KG,63.0032,,,
2024-04,8109210000,zirconium (unwrought),control (never restricted),UNWROUGHT ZIRCONIUM POWDERS CONTAINING LESS THAN 1 PART HAFNIUM TO 500 PARTS ZIRCONIUM BY WEIGHT,9000,36,KG,250.0,,,
2024-05,8109210000,zirconium (unwrought),control (never restricted),UNWROUGHT ZIRCONIUM POWDERS CONTAINING LESS THAN 1 PART HAFNIUM TO 500 PARTS ZIRCONIUM BY WEIGHT,327239,8121,KG,40.2954,,,
2024-06,8109210000,zirconium (unwrought),control (never restricted),UNWROUGHT ZIRCONIUM POWDERS CONTAINING LESS THAN 1 PART HAFNIUM TO 500 PARTS ZIRCONIUM BY WEIGHT,738428,12140,KG,60.826,,,
2024-07,8109210000,zirconium (unwrought),control (never restricted),UNWROUGHT ZIRCONIUM POWDERS CONTAINING LESS THAN 1 PART HAFNIUM TO 500 PARTS ZIRCONIUM BY WEIGHT,6334435,105225,KG,60.199,,,
2024-08,8109210000,zirconium (unwrought),control (never restricted),UNWROUGHT ZIRCONIUM POWDERS CONTAINING LESS THAN 1 PART HAFNIUM TO 500 PARTS ZIRCONIUM BY WEIGHT,2908212,44998,KG,64.6298,,,
2024-09,8109210000,zirconium (unwrought),control (never restricted),UNWROUGHT ZIRCONIUM POWDERS CONTAINING LESS THAN 1 PART HAFNIUM TO 500 PARTS ZIRCONIUM BY WEIGHT,471898,10223,KG,46.1604,,,
2024-10,8109210000,zirconium (unwrought),control (never restricted),UNWROUGHT ZIRCONIUM POWDERS CONTAINING LESS THAN 1 PART HAFNIUM TO 500 PARTS ZIRCONIUM BY WEIGHT,684093,18763,KG,36.4597,,,
2024-11,8109210000,zirconium (unwrought),control (never restricted),UNWROUGHT ZIRCONIUM POWDERS CONTAINING LESS THAN 1 PART HAFNIUM TO 500 PARTS ZIRCONIUM BY WEIGHT,438502,8910,KG,49.2146,,,
2024-12,8109210000,zirconium (unwrought),control (never restricted),UNWROUGHT ZIRCONIUM POWDERS CONTAINING LESS THAN 1 PART HAFNIUM TO 500 PARTS ZIRCONIUM BY WEIGHT,46608,2935,KG,15.8801,,,
2025-01,8109210000,zirconium (unwrought),control (never restricted),UNWROUGHT ZIRCONIUM POWDERS CONTAINING LESS THAN 1 PART HAFNIUM TO 500 PARTS ZIRCONIUM BY WEIGHT,13845156,215521,KG,64.2404,,,
2025-02,8109210000,zirconium (unwrought),control (never restricted),UNWROUGHT ZIRCONIUM POWDERS CONTAINING LESS THAN 1 PART HAFNIUM TO 500 PARTS ZIRCONIUM BY WEIGHT,39839,150,KG,265.5933,,,
2025-03,8109210000,zirconium (unwrought),control (never restricted),UNWROUGHT ZIRCONIUM POWDERS CONTAINING LESS THAN 1 PART HAFNIUM TO 500 PARTS ZIRCONIUM BY WEIGHT,20504,1451,KG,14.1309,,,
2025-04,8109210000,zirconium (unwrought),control (never restricted),UNWROUGHT ZIRCONIUM POWDERS CONTAINING LESS THAN 1 PART HAFNIUM TO 500 PARTS ZIRCONIUM BY WEIGHT,3952973,61037,KG,64.7636,,,
2025-05,8109210000,zirconium (unwrought),control (never restricted),UNWROUGHT ZIRCONIUM POWDERS CONTAINING LESS THAN 1 PART HAFNIUM TO 500 PARTS ZIRCONIUM BY WEIGHT,1063463,28561,KG,37.2348,,,
2025-06,8109210000,zirconium (unwrought),control (never restricted),UNWROUGHT ZIRCONIUM POWDERS CONTAINING LESS THAN 1 PART HAFNIUM TO 500 PARTS ZIRCONIUM BY WEIGHT,0,0,KG,,,,
2025-07,8109210000,zirconium (unwrought),control (never restricted),UNWROUGHT ZIRCONIUM POWDERS CONTAINING LESS THAN 1 PART HAFNIUM TO 500 PARTS ZIRCONIUM BY WEIGHT,0,0,KG,,,,
2025-08,8109210000,zirconium (unwrought),control (never restricted),UNWROUGHT ZIRCONIUM POWDERS CONTAINING LESS THAN 1 PART HAFNIUM TO 500 PARTS ZIRCONIUM BY WEIGHT,2875422,48172,KG,59.6907,,,
2025-09,8109210000,zirconium (unwrought),control (never restricted),UNWROUGHT ZIRCONIUM POWDERS CONTAINING LESS THAN 1 PART HAFNIUM TO 500 PARTS ZIRCONIUM BY WEIGHT,24750,150,KG,165.0,,,
2025-10,8109210000,zirconium (unwrought),control (never restricted),UNWROUGHT ZIRCONIUM POWDERS CONTAINING LESS THAN 1 PART HAFNIUM TO 500 PARTS ZIRCONIUM BY WEIGHT,5704197,90712,KG,62.8825,,,
2025-11,8109210000,zirconium (unwrought),control (never restricted),UNWROUGHT ZIRCONIUM POWDERS CONTAINING LESS THAN 1 PART HAFNIUM TO 500 PARTS ZIRCONIUM BY WEIGHT,317239,100075,KG,3.17,,,
2025-12,8109210000,zirconium (unwrought),control (never restricted),UNWROUGHT ZIRCONIUM POWDERS CONTAINING LESS THAN 1 PART HAFNIUM TO 500 PARTS ZIRCONIUM BY WEIGHT,347025,15809,KG,21.9511,,,
2026-02,8109210000,zirconium (unwrought),control (never restricted),UNWROUGHT ZIRCONIUM POWDERS CONTAINING LESS THAN 1 PART HAFNIUM TO 500 PARTS ZIRCONIUM BY WEIGHT,6205533,89700,KG,69.181,,,
2026-03,8109210000,zirconium (unwrought),control (never restricted),UNWROUGHT ZIRCONIUM POWDERS CONTAINING LESS THAN 1 PART HAFNIUM TO 500 PARTS ZIRCONIUM BY WEIGHT,0,0,KG,,,,
2026-04,8109210000,zirconium (unwrought),control (never restricted),UNWROUGHT ZIRCONIUM POWDERS CONTAINING LESS THAN 1 PART HAFNIUM TO 500 PARTS ZIRCONIUM BY WEIGHT,6762006,105000,KG,64.4001,,,
2026-05,8109210000,zirconium (unwrought),control (never restricted),UNWROUGHT ZIRCONIUM POWDERS CONTAINING LESS THAN 1 PART HAFNIUM TO 500 PARTS ZIRCONIUM BY WEIGHT,716531,12006,KG,59.6811,,,
2026-06,8109210000,zirconium (unwrought),control (never restricted),UNWROUGHT ZIRCONIUM POWDERS CONTAINING LESS THAN 1 PART HAFNIUM TO 500 PARTS ZIRCONIUM BY WEIGHT,325022,3988,KG,81.5,,,
2026-07,8109210000,zirconium (unwrought),control (never restricted),UNWROUGHT ZIRCONIUM POWDERS CONTAINING LESS THAN 1 PART HAFNIUM TO 500 PARTS ZIRCONIUM BY WEIGHT,5225678,70045,KG,74.6046,,,
2023-01,8110100000,antimony (unwrought/powder),restricted,UNWROUGHT ANTIMONY; POWDERS,7340830,646472,KG,11.3552,1067250,94366,14.54
2023-02,8110100000,antimony (unwrought/powder),restricted,UNWROUGHT ANTIMONY; POWDERS,5723749,531512,KG,10.7688,555096,52249,9.7
2023-03,8110100000,antimony (unwrought/powder),restricted,UNWROUGHT ANTIMONY; POWDERS,5374171,466728,KG,11.5146,0,0,0.0
2023-04,8110100000,antimony (unwrought/powder),restricted,UNWROUGHT ANTIMONY; POWDERS,7248567,618249,KG,11.7243,1728499,149014,23.85
2023-05,8110100000,antimony (unwrought/powder),restricted,UNWROUGHT ANTIMONY; POWDERS,7096783,601299,KG,11.8024,301250,25000,4.24
2023-06,8110100000,antimony (unwrought/powder),restricted,UNWROUGHT ANTIMONY; POWDERS,4107878,359633,KG,11.4224,0,0,0.0
2023-07,8110100000,antimony (unwrought/powder),restricted,UNWROUGHT ANTIMONY; POWDERS,2743935,226935,KG,12.0913,0,0,0.0
2023-08,8110100000,antimony (unwrought/powder),restricted,UNWROUGHT ANTIMONY; POWDERS,7259573,631122,KG,11.5026,612660,50050,8.44
2023-09,8110100000,antimony (unwrought/powder),restricted,UNWROUGHT ANTIMONY; POWDERS,4906893,430439,KG,11.3997,1097691,100076,22.37
2023-10,8110100000,antimony (unwrought/powder),restricted,UNWROUGHT ANTIMONY; POWDERS,8318271,699613,KG,11.8898,2493040,221948,29.97
2023-11,8110100000,antimony (unwrought/powder),restricted,UNWROUGHT ANTIMONY; POWDERS,3697321,312818,KG,11.8194,282495,24889,7.64
2023-12,8110100000,antimony (unwrought/powder),restricted,UNWROUGHT ANTIMONY; POWDERS,6236076,549621,KG,11.3461,829631,73849,13.3
2024-01,8110100000,antimony (unwrought/powder),restricted,UNWROUGHT ANTIMONY; POWDERS,6059965,538091,KG,11.262,,,
2024-02,8110100000,antimony (unwrought/powder),restricted,UNWROUGHT ANTIMONY; POWDERS,3649397,320217,KG,11.3966,555500,50000,15.22
2024-03,8110100000,antimony (unwrought/powder),restricted,UNWROUGHT ANTIMONY; POWDERS,3343672,278181,KG,12.0198,0,0,0.0
2024-04,8110100000,antimony (unwrought/powder),restricted,UNWROUGHT ANTIMONY; POWDERS,4723075,366252,KG,12.8957,1442776,123766,30.55
2024-05,8110100000,antimony (unwrought/powder),restricted,UNWROUGHT ANTIMONY; POWDERS,4644217,342851,KG,13.5459,44905,3000,0.97
2024-06,8110100000,antimony (unwrought/powder),restricted,UNWROUGHT ANTIMONY; POWDERS,3110452,190838,KG,16.2989,86367,6226,2.78
2024-07,8110100000,antimony (unwrought/powder),restricted,UNWROUGHT ANTIMONY; POWDERS,4008193,286850,KG,13.9731,0,0,0.0
2024-08,8110100000,antimony (unwrought/powder),restricted,UNWROUGHT ANTIMONY; POWDERS,7551180,402478,KG,18.7617,492164,22672,6.52
2024-09,8110100000,antimony (unwrought/powder),restricted,UNWROUGHT ANTIMONY; POWDERS,6947337,316805,KG,21.9294,1038771,40306,14.95
2024-10,8110100000,antimony (unwrought/powder),restricted,UNWROUGHT ANTIMONY; POWDERS,10767502,489490,KG,21.9974,2241320,87829,20.82
2024-11,8110100000,antimony (unwrought/powder),restricted,UNWROUGHT ANTIMONY; POWDERS,17576410,801874,KG,21.9192,2300666,91392,13.09
2024-12,8110100000,antimony (unwrought/powder),restricted,UNWROUGHT ANTIMONY; POWDERS,15877812,570616,KG,27.8257,2101597,67487,13.24
2025-01,8110100000,antimony (unwrought/powder),restricted,UNWROUGHT ANTIMONY; POWDERS,7703084,265576,KG,29.0052,925000,25000,12.01
2025-02,8110100000,antimony (unwrought/powder),restricted,UNWROUGHT ANTIMONY; POWDERS,12326691,334594,KG,36.8407,957432,25249,7.77
2025-03,8110100000,antimony (unwrought/powder),restricted,UNWROUGHT ANTIMONY; POWDERS,16968796,460997,KG,36.8089,32432,249,0.19
2025-04,8110100000,antimony (unwrought/powder),restricted,UNWROUGHT ANTIMONY; POWDERS,13254260,340342,KG,38.9439,1088682,25249,8.21
2025-05,8110100000,antimony (unwrought/powder),restricted,UNWROUGHT ANTIMONY; POWDERS,20975389,466477,KG,44.9655,122532,2249,0.58
2025-06,8110100000,antimony (unwrought/powder),restricted,UNWROUGHT ANTIMONY; POWDERS,8587226,189155,KG,45.3978,0,0,0.0
2025-07,8110100000,antimony (unwrought/powder),restricted,UNWROUGHT ANTIMONY; POWDERS,19974359,388055,KG,51.473,0,0,0.0
2025-08,8110100000,antimony (unwrought/powder),restricted,UNWROUGHT ANTIMONY; POWDERS,29471577,553205,KG,53.2742,64865,499,0.22
2025-09,8110100000,antimony (unwrought/powder),restricted,UNWROUGHT ANTIMONY; POWDERS,10923286,208571,KG,52.372,0,0,0.0
2025-10,8110100000,antimony (unwrought/powder),restricted,UNWROUGHT ANTIMONY; POWDERS,7509392,151126,KG,49.6896,0,0,0.0
2025-11,8110100000,antimony (unwrought/powder),restricted,UNWROUGHT ANTIMONY; POWDERS,6240762,119972,KG,52.0185,0,0,0.0
2025-12,8110100000,antimony (unwrought/powder),restricted,UNWROUGHT ANTIMONY; POWDERS,1548786,35313,KG,43.8588,0,0,0.0
2026-01,8110100000,antimony (unwrought/powder),restricted,UNWROUGHT ANTIMONY; POWDERS,1779237,47163,KG,37.7253,,,
2026-02,8110100000,antimony (unwrought/powder),restricted,UNWROUGHT ANTIMONY; POWDERS,4121562,158746,KG,25.9632,,,
2026-03,8110100000,antimony (unwrought/powder),restricted,UNWROUGHT ANTIMONY; POWDERS,4479256,158882,KG,28.1923,245700,300,5.49
2026-04,8110100000,antimony (unwrought/powder),restricted,UNWROUGHT ANTIMONY; POWDERS,4792183,199270,KG,24.0487,50600,252,1.06
2026-05,8110100000,antimony (unwrought/powder),restricted,UNWROUGHT ANTIMONY; POWDERS,4873825,199130,KG,24.4756,0,0,0.0
2026-06,8110100000,antimony (unwrought/powder),restricted,UNWROUGHT ANTIMONY; POWDERS,7784757,309989,KG,25.113,41028,204,0.53
2026-07,8110100000,antimony (unwrought/powder),restricted,UNWROUGHT ANTIMONY; POWDERS,3625101,140161,KG,25.8638,9574,48,0.26
2023-01,8106100000,bismuth (>99.99%),restricted,"BISMUTH AND ARTICLES THEREOF CONTAINING MORE THAN 99.99% BISMUTH, BY WEIGHT",223421,18867,KG,11.8419,,,
2023-02,8106100000,bismuth (>99.99%),restricted,"BISMUTH AND ARTICLES THEREOF CONTAINING MORE THAN 99.99% BISMUTH, BY WEIGHT",567566,61839,KG,9.1781,145617,20559,25.66
2023-03,8106100000,bismuth (>99.99%),restricted,"BISMUTH AND ARTICLES THEREOF CONTAINING MORE THAN 99.99% BISMUTH, BY WEIGHT",398833,41005,KG,9.7264,228840,20000,57.38
2023-04,8106100000,bismuth (>99.99%),restricted,"BISMUTH AND ARTICLES THEREOF CONTAINING MORE THAN 99.99% BISMUTH, BY WEIGHT",391220,40718,KG,9.608,386580,40647,98.81
2023-05,8106100000,bismuth (>99.99%),restricted,"BISMUTH AND ARTICLES THEREOF CONTAINING MORE THAN 99.99% BISMUTH, BY WEIGHT",541774,61485,KG,8.8115,9832,1145,1.81
2023-06,8106100000,bismuth (>99.99%),restricted,"BISMUTH AND ARTICLES THEREOF CONTAINING MORE THAN 99.99% BISMUTH, BY WEIGHT",311270,29643,KG,10.5006,59324,7917,19.06
2023-07,8106100000,bismuth (>99.99%),restricted,"BISMUTH AND ARTICLES THEREOF CONTAINING MORE THAN 99.99% BISMUTH, BY WEIGHT",703021,62115,KG,11.3181,0,0,0.0
2023-08,8106100000,bismuth (>99.99%),restricted,"BISMUTH AND ARTICLES THEREOF CONTAINING MORE THAN 99.99% BISMUTH, BY WEIGHT",198797,20369,KG,9.7598,182102,20000,91.6
2023-09,8106100000,bismuth (>99.99%),restricted,"BISMUTH AND ARTICLES THEREOF CONTAINING MORE THAN 99.99% BISMUTH, BY WEIGHT",791422,85680,KG,9.237,525480,63367,66.4
2023-10,8106100000,bismuth (>99.99%),restricted,"BISMUTH AND ARTICLES THEREOF CONTAINING MORE THAN 99.99% BISMUTH, BY WEIGHT",1521487,177409,KG,8.5762,966489,116909,63.52
2023-11,8106100000,bismuth (>99.99%),restricted,"BISMUTH AND ARTICLES THEREOF CONTAINING MORE THAN 99.99% BISMUTH, BY WEIGHT",779723,85715,KG,9.0967,44525,5418,5.71
2023-12,8106100000,bismuth (>99.99%),restricted,"BISMUTH AND ARTICLES THEREOF CONTAINING MORE THAN 99.99% BISMUTH, BY WEIGHT",414108,41279,KG,10.0319,200000,20000,48.3
2024-01,8106100000,bismuth (>99.99%),restricted,"BISMUTH AND ARTICLES THEREOF CONTAINING MORE THAN 99.99% BISMUTH, BY WEIGHT",65961,5186,KG,12.7191,,,
2024-02,8106100000,bismuth (>99.99%),restricted,"BISMUTH AND ARTICLES THEREOF CONTAINING MORE THAN 99.99% BISMUTH, BY WEIGHT",24295,1104,KG,22.0063,,,
2024-03,8106100000,bismuth (>99.99%),restricted,"BISMUTH AND ARTICLES THEREOF CONTAINING MORE THAN 99.99% BISMUTH, BY WEIGHT",602145,66286,KG,9.084,200000,20000,33.21
2024-04,8106100000,bismuth (>99.99%),restricted,"BISMUTH AND ARTICLES THEREOF CONTAINING MORE THAN 99.99% BISMUTH, BY WEIGHT",1189959,140701,KG,8.4574,204950,20514,17.22
2024-05,8106100000,bismuth (>99.99%),restricted,"BISMUTH AND ARTICLES THEREOF CONTAINING MORE THAN 99.99% BISMUTH, BY WEIGHT",334162,34999,KG,9.5478,0,0,0.0
2024-06,8106100000,bismuth (>99.99%),restricted,"BISMUTH AND ARTICLES THEREOF CONTAINING MORE THAN 99.99% BISMUTH, BY WEIGHT",975160,111552,KG,8.7418,403560,51025,41.38
2024-07,8106100000,bismuth (>99.99%),restricted,"BISMUTH AND ARTICLES THEREOF CONTAINING MORE THAN 99.99% BISMUTH, BY WEIGHT",209369,18216,KG,11.4937,198184,17962,94.66
2024-08,8106100000,bismuth (>99.99%),restricted,"BISMUTH AND ARTICLES THEREOF CONTAINING MORE THAN 99.99% BISMUTH, BY WEIGHT",1174332,90119,KG,13.0309,260000,20000,22.14
2024-09,8106100000,bismuth (>99.99%),restricted,"BISMUTH AND ARTICLES THEREOF CONTAINING MORE THAN 99.99% BISMUTH, BY WEIGHT",299686,20524,KG,14.6017,3520,3,1.17
2024-10,8106100000,bismuth (>99.99%),restricted,"BISMUTH AND ARTICLES THEREOF CONTAINING MORE THAN 99.99% BISMUTH, BY WEIGHT",848586,59950,KG,14.1549,0,0,0.0
2024-11,8106100000,bismuth (>99.99%),restricted,"BISMUTH AND ARTICLES THEREOF CONTAINING MORE THAN 99.99% BISMUTH, BY WEIGHT",316340,21440,KG,14.7547,0,0,0.0
2024-12,8106100000,bismuth (>99.99%),restricted,"BISMUTH AND ARTICLES THEREOF CONTAINING MORE THAN 99.99% BISMUTH, BY WEIGHT",646675,55459,KG,11.6604,200000,20000,30.93
2025-01,8106100000,bismuth (>99.99%),restricted,"BISMUTH AND ARTICLES THEREOF CONTAINING MORE THAN 99.99% BISMUTH, BY WEIGHT",957378,80954,KG,11.8262,406825,40500,42.49
2025-02,8106100000,bismuth (>99.99%),restricted,"BISMUTH AND ARTICLES THEREOF CONTAINING MORE THAN 99.99% BISMUTH, BY WEIGHT",580874,42305,KG,13.7306,0,0,0.0
2025-03,8106100000,bismuth (>99.99%),restricted,"BISMUTH AND ARTICLES THEREOF CONTAINING MORE THAN 99.99% BISMUTH, BY WEIGHT",2498769,117509,KG,21.2645,928129,27000,37.14
2025-04,8106100000,bismuth (>99.99%),restricted,"BISMUTH AND ARTICLES THEREOF CONTAINING MORE THAN 99.99% BISMUTH, BY WEIGHT",853326,45134,KG,18.9065,0,0,0.0
2025-05,8106100000,bismuth (>99.99%),restricted,"BISMUTH AND ARTICLES THEREOF CONTAINING MORE THAN 99.99% BISMUTH, BY WEIGHT",1060616,50827,KG,20.8672,0,0,0.0
2025-06,8106100000,bismuth (>99.99%),restricted,"BISMUTH AND ARTICLES THEREOF CONTAINING MORE THAN 99.99% BISMUTH, BY WEIGHT",44342,634,KG,69.9401,0,0,0.0
2025-07,8106100000,bismuth (>99.99%),restricted,"BISMUTH AND ARTICLES THEREOF CONTAINING MORE THAN 99.99% BISMUTH, BY WEIGHT",1963144,43348,KG,45.288,0,0,0.0
2025-08,8106100000,bismuth (>99.99%),restricted,"BISMUTH AND ARTICLES THEREOF CONTAINING MORE THAN 99.99% BISMUTH, BY WEIGHT",54248,692,KG,78.3931,0,0,0.0
2025-09,8106100000,bismuth (>99.99%),restricted,"BISMUTH AND ARTICLES THEREOF CONTAINING MORE THAN 99.99% BISMUTH, BY WEIGHT",506805,20131,KG,25.1754,0,0,0.0
2025-10,8106100000,bismuth (>99.99%),restricted,"BISMUTH AND ARTICLES THEREOF CONTAINING MORE THAN 99.99% BISMUTH, BY WEIGHT",1165615,40821,KG,28.5543,2070,2,0.18
2025-11,8106100000,bismuth (>99.99%),restricted,"BISMUTH AND ARTICLES THEREOF CONTAINING MORE THAN 99.99% BISMUTH, BY WEIGHT",783538,25164,KG,31.1373,0,0,0.0
2025-12,8106100000,bismuth (>99.99%),restricted,"BISMUTH AND ARTICLES THEREOF CONTAINING MORE THAN 99.99% BISMUTH, BY WEIGHT",781746,20484,KG,38.1637,0,0,0.0
2026-01,8106100000,bismuth (>99.99%),restricted,"BISMUTH AND ARTICLES THEREOF CONTAINING MORE THAN 99.99% BISMUTH, BY WEIGHT",751546,19994,KG,37.5886,,,
2026-02,8106100000,bismuth (>99.99%),restricted,"BISMUTH AND ARTICLES THEREOF CONTAINING MORE THAN 99.99% BISMUTH, BY WEIGHT",2225,20,KG,111.25,,,
2026-03,8106100000,bismuth (>99.99%),restricted,"BISMUTH AND ARTICLES THEREOF CONTAINING MORE THAN 99.99% BISMUTH, BY WEIGHT",833683,20377,KG,40.9129,,,
2026-04,8106100000,bismuth (>99.99%),restricted,"BISMUTH AND ARTICLES THEREOF CONTAINING MORE THAN 99.99% BISMUTH, BY WEIGHT",176094,2617,KG,67.2885,,,
2026-05,8106100000,bismuth (>99.99%),restricted,"BISMUTH AND ARTICLES THEREOF CONTAINING MORE THAN 99.99% BISMUTH, BY WEIGHT",923231,21082,KG,43.7924,,,
2026-06,8106100000,bismuth (>99.99%),restricted,"BISMUTH AND ARTICLES THEREOF CONTAINING MORE THAN 99.99% BISMUTH, BY WEIGHT",621491,7588,KG,81.9045,,,
2026-07,8106100000,bismuth (>99.99%),restricted,"BISMUTH AND ARTICLES THEREOF CONTAINING MORE THAN 99.99% BISMUTH, BY WEIGHT",2446097,43973,KG,55.6272,,,
2023-01,8112921000,gallium,restricted,UNWROUGHT GALLIUM INCL POWDERS,227879,676,KG,337.0991,,,
2023-02,8112921000,gallium,restricted,UNWROUGHT GALLIUM INCL POWDERS,235708,628,KG,375.3312,,,
2023-03,8112921000,gallium,restricted,UNWROUGHT GALLIUM INCL POWDERS,297736,1064,KG,279.8271,4850,10,1.63
2023-04,8112921000,gallium,restricted,UNWROUGHT GALLIUM INCL POWDERS,147819,473,KG,312.5137,53000,200,35.85
2023-05,8112921000,gallium,restricted,UNWROUGHT GALLIUM INCL POWDERS,337247,1121,KG,300.8448,246050,820,72.96
2023-06,8112921000,gallium,restricted,UNWROUGHT GALLIUM INCL POWDERS,319537,1088,KG,293.6921,138500,500,43.34
2023-07,8112921000,gallium,restricted,UNWROUGHT GALLIUM INCL POWDERS,196524,441,KG,445.6327,7175,4,3.65
2023-08,8112921000,gallium,restricted,UNWROUGHT GALLIUM INCL POWDERS,369191,950,KG,388.6221,0,0,0.0
2023-09,8112921000,gallium,restricted,UNWROUGHT GALLIUM INCL POWDERS,429037,1150,KG,373.0757,0,0,0.0
2023-10,8112921000,gallium,restricted,UNWROUGHT GALLIUM INCL POWDERS,307454,689,KG,446.2322,0,0,0.0
2023-11,8112921000,gallium,restricted,UNWROUGHT GALLIUM INCL POWDERS,577951,1504,KG,384.2759,0,0,0.0
2023-12,8112921000,gallium,restricted,UNWROUGHT GALLIUM INCL POWDERS,723288,1654,KG,437.2963,240000,500,33.18
2024-01,8112921000,gallium,restricted,UNWROUGHT GALLIUM INCL POWDERS,378990,878,KG,431.6515,49500,100,13.06
2024-02,8112921000,gallium,restricted,UNWROUGHT GALLIUM INCL POWDERS,366574,1555,KG,235.7389,0,0,0.0
2024-03,8112921000,gallium,restricted,UNWROUGHT GALLIUM INCL POWDERS,601832,1098,KG,548.1166,0,0,0.0
2024-04,8112921000,gallium,restricted,UNWROUGHT GALLIUM INCL POWDERS,631781,1290,KG,489.7527,247500,500,39.17
2024-05,8112921000,gallium,restricted,UNWROUGHT GALLIUM INCL POWDERS,198156,914,KG,216.8009,0,0,0.0
2024-06,8112921000,gallium,restricted,UNWROUGHT GALLIUM INCL POWDERS,269006,604,KG,445.3742,0,0,0.0
2024-07,8112921000,gallium,restricted,UNWROUGHT GALLIUM INCL POWDERS,325878,683,KG,477.1274,0,0,0.0
2024-08,8112921000,gallium,restricted,UNWROUGHT GALLIUM INCL POWDERS,221288,534,KG,414.397,0,0,0.0
2024-09,8112921000,gallium,restricted,UNWROUGHT GALLIUM INCL POWDERS,312640,622,KG,502.6367,0,0,0.0
2024-10,8112921000,gallium,restricted,UNWROUGHT GALLIUM INCL POWDERS,721170,1224,KG,589.1912,0,0,0.0
2024-11,8112921000,gallium,restricted,UNWROUGHT GALLIUM INCL POWDERS,685750,1340,KG,511.7537,152400,300,22.22
2024-12,8112921000,gallium,restricted,UNWROUGHT GALLIUM INCL POWDERS,106991,239,KG,447.6611,0,0,0.0
2025-01,8112921000,gallium,restricted,UNWROUGHT GALLIUM INCL POWDERS,1567078,3296,KG,475.4484,,,
2025-02,8112921000,gallium,restricted,UNWROUGHT GALLIUM INCL POWDERS,1462087,2376,KG,615.3565,51880,95,3.55
2025-03,8112921000,gallium,restricted,UNWROUGHT GALLIUM INCL POWDERS,2140328,3528,KG,606.6689,608191,1000,28.42
2025-04,8112921000,gallium,restricted,UNWROUGHT GALLIUM INCL POWDERS,1232333,2284,KG,539.5504,0,0,0.0
2025-05,8112921000,gallium,restricted,UNWROUGHT GALLIUM INCL POWDERS,442278,819,KG,540.022,0,0,0.0
2025-06,8112921000,gallium,restricted,UNWROUGHT GALLIUM INCL POWDERS,326510,650,KG,502.3231,0,0,0.0
2025-07,8112921000,gallium,restricted,UNWROUGHT GALLIUM INCL POWDERS,1402170,2061,KG,680.3348,2279,3,0.16
2025-08,8112921000,gallium,restricted,UNWROUGHT GALLIUM INCL POWDERS,1184307,1333,KG,888.4524,0,0,0.0
2025-09,8112921000,gallium,restricted,UNWROUGHT GALLIUM INCL POWDERS,1457276,2344,KG,621.7048,0,0,0.0
2025-10,8112921000,gallium,restricted,UNWROUGHT GALLIUM INCL POWDERS,950616,1166,KG,815.2796,0,0,0.0
2025-11,8112921000,gallium,restricted,UNWROUGHT GALLIUM INCL POWDERS,989922,1100,KG,899.9291,0,0,0.0
2025-12,8112921000,gallium,restricted,UNWROUGHT GALLIUM INCL POWDERS,3399850,3097,KG,1097.7882,0,0,0.0
2026-01,8112921000,gallium,restricted,UNWROUGHT GALLIUM INCL POWDERS,2295657,5557,KG,413.1109,,,
2026-02,8112921000,gallium,restricted,UNWROUGHT GALLIUM INCL POWDERS,1425055,1523,KG,935.6894,,,
2026-03,8112921000,gallium,restricted,UNWROUGHT GALLIUM INCL POWDERS,1197648,1783,KG,671.7039,7000,1,0.58
2026-04,8112921000,gallium,restricted,UNWROUGHT GALLIUM INCL POWDERS,4297917,5491,KG,782.7203,441600,260,10.27
2026-05,8112921000,gallium,restricted,UNWROUGHT GALLIUM INCL POWDERS,4215576,2898,KG,1454.6501,403200,210,9.56
2026-06,8112921000,gallium,restricted,UNWROUGHT GALLIUM INCL POWDERS,5653559,3937,KG,1436.0069,487000,466,8.61
2026-07,8112921000,gallium,restricted,UNWROUGHT GALLIUM INCL POWDERS,4291413,2861,KG,1499.9696,2650000,1275,61.75
2023-01,8112926500,germanium (powders),restricted,GERMANIUM POWDER,30763,20,KG,1538.15,,,
2023-02,8112926500,germanium (powders),restricted,GERMANIUM POWDER,0,0,KG,,,,
2023-03,8112926500,germanium (powders),restricted,GERMANIUM POWDER,970565,630,KG,1540.5794,,,
2023-04,8112926500,germanium (powders),restricted,GERMANIUM POWDER,41568,6,KG,6928.0,,,
2023-05,8112926500,germanium (powders),restricted,GERMANIUM POWDER,110988,82,KG,1353.5122,,,
2023-06,8112926500,germanium (powders),restricted,GERMANIUM POWDER,0,0,KG,,,,
2023-07,8112926500,germanium (powders),restricted,GERMANIUM POWDER,768381,497,KG,1546.0382,,,
2023-08,8112926500,germanium (powders),restricted,GERMANIUM POWDER,3619837,4096,KG,883.7493,,,
2023-09,8112926500,germanium (powders),restricted,GERMANIUM POWDER,192938,125,KG,1543.504,,,
2023-10,8112926500,germanium (powders),restricted,GERMANIUM POWDER,212364,123,KG,1726.5366,,,
2023-11,8112926500,germanium (powders),restricted,GERMANIUM POWDER,191149,149,KG,1282.8792,,,
2023-12,8112926500,germanium (powders),restricted,GERMANIUM POWDER,0,0,KG,,,,
2024-01,8112926500,germanium (powders),restricted,GERMANIUM POWDER,35610,8,KG,4451.25,,,
2024-02,8112926500,germanium (powders),restricted,GERMANIUM POWDER,1147189,724,KG,1584.5152,,,
2024-03,8112926500,germanium (powders),restricted,GERMANIUM POWDER,414847,255,KG,1626.851,,,
2024-04,8112926500,germanium (powders),restricted,GERMANIUM POWDER,1000144,643,KG,1555.4339,,,
2024-05,8112926500,germanium (powders),restricted,GERMANIUM POWDER,859270,552,KG,1556.6486,,,
2024-06,8112926500,germanium (powders),restricted,GERMANIUM POWDER,492410,313,KG,1573.1949,,,
2024-07,8112926500,germanium (powders),restricted,GERMANIUM POWDER,1882278,1207,KG,1559.4681,,,
2024-08,8112926500,germanium (powders),restricted,GERMANIUM POWDER,1101339,2154,KG,511.2994,,,
2024-09,8112926500,germanium (powders),restricted,GERMANIUM POWDER,234235,135,KG,1735.0741,,,
2024-10,8112926500,germanium (powders),restricted,GERMANIUM POWDER,707873,455,KG,1555.7648,,,
2024-11,8112926500,germanium (powders),restricted,GERMANIUM POWDER,1270645,781,KG,1626.9462,,,
2024-12,8112926500,germanium (powders),restricted,GERMANIUM POWDER,969207,623,KG,1555.7095,,,
2025-01,8112926500,germanium (powders),restricted,GERMANIUM POWDER,485855,158,KG,3075.0316,,,
2025-02,8112926500,germanium (powders),restricted,GERMANIUM POWDER,153528,58,KG,2647.0345,,,
2025-03,8112926500,germanium (powders),restricted,GERMANIUM POWDER,807552,404,KG,1998.8911,,,
2025-04,8112926500,germanium (powders),restricted,GERMANIUM POWDER,0,0,KG,,,,
2025-05,8112926500,germanium (powders),restricted,GERMANIUM POWDER,0,0,KG,,,,
2025-06,8112926500,germanium (powders),restricted,GERMANIUM POWDER,47830,28,KG,1708.2143,,,
2025-07,8112926500,germanium (powders),restricted,GERMANIUM POWDER,7600,20,KG,380.0,,,
2025-08,8112926500,germanium (powders),restricted,GERMANIUM POWDER,206949,63,KG,3284.9048,,,
2025-09,8112926500,germanium (powders),restricted,GERMANIUM POWDER,52995,5,KG,10599.0,,,
2025-10,8112926500,germanium (powders),restricted,GERMANIUM POWDER,101135,15,KG,6742.3333,,,
2025-11,8112926500,germanium (powders),restricted,GERMANIUM POWDER,370631,118,KG,3140.9407,,,
2025-12,8112926500,germanium (powders),restricted,GERMANIUM POWDER,41500,4,KG,10375.0,,,
2026-01,8112926500,germanium (powders),restricted,GERMANIUM POWDER,141803,18,KG,7877.9444,,,
2026-02,8112926500,germanium (powders),restricted,GERMANIUM POWDER,397838,91,KG,4371.8462,,,
2026-03,8112926500,germanium (powders),restricted,GERMANIUM POWDER,1271057,273,KG,4655.8864,,,
2026-04,8112926500,germanium (powders),restricted,GERMANIUM POWDER,405640,86,KG,4716.7442,,,
2026-05,8112926500,germanium (powders),restricted,GERMANIUM POWDER,1385036,223,KG,6210.9238,,,
2026-06,8112926500,germanium (powders),restricted,GERMANIUM POWDER,531125,120,KG,4426.0417,,,
2026-07,8112926500,germanium (powders),restricted,GERMANIUM POWDER,265170,46,KG,5764.5652,,,
2023-01,8112926000,germanium (unwrought),restricted,GERMANIUM UNWROUGHT,4143125,3614,KG,1146.4098,4028362,3595,97.23
2023-02,8112926000,germanium (unwrought),restricted,GERMANIUM UNWROUGHT,1006987,875,KG,1150.8423,859180,785,85.32
2023-03,8112926000,germanium (unwrought),restricted,GERMANIUM UNWROUGHT,4175407,3176,KG,1314.6747,3096645,2392,74.16
2023-04,8112926000,germanium (unwrought),restricted,GERMANIUM UNWROUGHT,1004757,714,KG,1407.2227,340305,257,33.87
2023-05,8112926000,germanium (unwrought),restricted,GERMANIUM UNWROUGHT,789527,523,KG,1509.6119,527976,396,66.87
2023-06,8112926000,germanium (unwrought),restricted,GERMANIUM UNWROUGHT,1713168,1305,KG,1312.7724,582132,481,33.98
2023-07,8112926000,germanium (unwrought),restricted,GERMANIUM UNWROUGHT,2031986,1542,KG,1317.7601,1915752,1496,94.28
2023-08,8112926000,germanium (unwrought),restricted,GERMANIUM UNWROUGHT,2669208,1859,KG,1435.83,2158323,1391,80.86
2023-09,8112926000,germanium (unwrought),restricted,GERMANIUM UNWROUGHT,474916,281,KG,1690.0925,2700,2,0.57
2023-10,8112926000,germanium (unwrought),restricted,GERMANIUM UNWROUGHT,1177231,713,KG,1651.0954,432111,290,36.71
2023-11,8112926000,germanium (unwrought),restricted,GERMANIUM UNWROUGHT,407519,219,KG,1860.8174,0,0,0.0
2023-12,8112926000,germanium (unwrought),restricted,GERMANIUM UNWROUGHT,347824,118,KG,2947.661,2701,1,0.78
2024-01,8112926000,germanium (unwrought),restricted,GERMANIUM UNWROUGHT,562834,368,KG,1529.4402,172750,127,30.69
2024-02,8112926000,germanium (unwrought),restricted,GERMANIUM UNWROUGHT,938515,631,KG,1487.3455,750600,500,79.98
2024-03,8112926000,germanium (unwrought),restricted,GERMANIUM UNWROUGHT,2818405,1702,KG,1655.9371,320000,200,11.35
2024-04,8112926000,germanium (unwrought),restricted,GERMANIUM UNWROUGHT,1581790,969,KG,1632.3942,632318,404,39.97
2024-05,8112926000,germanium (unwrought),restricted,GERMANIUM UNWROUGHT,1790072,1010,KG,1772.3485,453600,300,25.34
2024-06,8112926000,germanium (unwrought),restricted,GERMANIUM UNWROUGHT,565821,314,KG,1801.9777,335508,200,59.3
2024-07,8112926000,germanium (unwrought),restricted,GERMANIUM UNWROUGHT,897483,473,KG,1897.4271,447044,273,49.81
2024-08,8112926000,germanium (unwrought),restricted,GERMANIUM UNWROUGHT,1679803,784,KG,2142.6059,200396,77,11.93
2024-09,8112926000,germanium (unwrought),restricted,GERMANIUM UNWROUGHT,2631752,1079,KG,2439.0658,1258593,450,47.82
2024-10,8112926000,germanium (unwrought),restricted,GERMANIUM UNWROUGHT,1825983,660,KG,2766.6409,757175,252,41.47
2024-11,8112926000,germanium (unwrought),restricted,GERMANIUM UNWROUGHT,4127546,1581,KG,2610.7185,1148393,400,27.82
2024-12,8112926000,germanium (unwrought),restricted,GERMANIUM UNWROUGHT,3624871,1454,KG,2493.0337,734906,250,20.27
2025-01,8112926000,germanium (unwrought),restricted,GERMANIUM UNWROUGHT,1916588,683,KG,2806.1318,145645,50,7.6
2025-02,8112926000,germanium (unwrought),restricted,GERMANIUM UNWROUGHT,2551173,978,KG,2608.5613,0,0,0.0
2025-03,8112926000,germanium (unwrought),restricted,GERMANIUM UNWROUGHT,3479168,1606,KG,2166.3562,1223508,501,35.17
2025-04,8112926000,germanium (unwrought),restricted,GERMANIUM UNWROUGHT,919967,746,KG,1233.1997,652199,610,70.89
2025-05,8112926000,germanium (unwrought),restricted,GERMANIUM UNWROUGHT,174906,64,KG,2732.9062,0,0,0.0
2025-06,8112926000,germanium (unwrought),restricted,GERMANIUM UNWROUGHT,1733066,484,KG,3580.7149,365650,104,21.1
2025-07,8112926000,germanium (unwrought),restricted,GERMANIUM UNWROUGHT,1152638,345,KG,3340.9797,0,0,0.0
2025-08,8112926000,germanium (unwrought),restricted,GERMANIUM UNWROUGHT,588058,253,KG,2324.3399,0,0,0.0
2025-09,8112926000,germanium (unwrought),restricted,GERMANIUM UNWROUGHT,1656997,474,KG,3495.7743,0,0,0.0
2025-10,8112926000,germanium (unwrought),restricted,GERMANIUM UNWROUGHT,1073789,241,KG,4455.556,40502,4,3.77
2025-11,8112926000,germanium (unwrought),restricted,GERMANIUM UNWROUGHT,816056,213,KG,3831.2488,0,0,0.0
2025-12,8112926000,germanium (unwrought),restricted,GERMANIUM UNWROUGHT,1072481,254,KG,4222.3661,0,0,0.0
2026-01,8112926000,germanium (unwrought),restricted,GERMANIUM UNWROUGHT,803174,110,KG,7301.5818,,,
2026-02,8112926000,germanium (unwrought),restricted,GERMANIUM UNWROUGHT,3318788,659,KG,5036.0971,,,
2026-03,8112926000,germanium (unwrought),restricted,GERMANIUM UNWROUGHT,1461645,284,KG,5146.6373,,,
2026-04,8112926000,germanium (unwrought),restricted,GERMANIUM UNWROUGHT,1283842,334,KG,3843.8383,,,
2026-05,8112926000,germanium (unwrought),restricted,GERMANIUM UNWROUGHT,601605,195,KG,3085.1538,35583,90,5.91
2026-06,8112926000,germanium (unwrought),restricted,GERMANIUM UNWROUGHT,4448018,792,KG,5616.1843,1857113,330,41.75
2026-07,8112926000,germanium (unwrought),restricted,GERMANIUM UNWROUGHT,3131450,553,KG,5662.6582,1855166,200,59.24
2023-01,2504101000,graphite (crystalline flake),restricted,NATURAL GRAPHITE CRYSTALLINE FLAKE EXECPT FLAKE DUST,8985634,3844271,KG,2.3374,6039560,1442018,67.21
2023-02,2504101000,graphite (crystalline flake),restricted,NATURAL GRAPHITE CRYSTALLINE FLAKE EXECPT FLAKE DUST,8903920,4208491,KG,2.1157,7678502,3045870,86.24
2023-03,2504101000,graphite (crystalline flake),restricted,NATURAL GRAPHITE CRYSTALLINE FLAKE EXECPT FLAKE DUST,4308442,4018175,KG,1.0722,1214123,421820,28.18
2023-04,2504101000,graphite (crystalline flake),restricted,NATURAL GRAPHITE CRYSTALLINE FLAKE EXECPT FLAKE DUST,10454459,3122670,KG,3.3479,8912067,1969238,85.25
2023-05,2504101000,graphite (crystalline flake),restricted,NATURAL GRAPHITE CRYSTALLINE FLAKE EXECPT FLAKE DUST,3129148,1975592,KG,1.5839,1785370,576160,57.06
2023-06,2504101000,graphite (crystalline flake),restricted,NATURAL GRAPHITE CRYSTALLINE FLAKE EXECPT FLAKE DUST,12081120,4372765,KG,2.7628,9646157,2049240,79.84
2023-07,2504101000,graphite (crystalline flake),restricted,NATURAL GRAPHITE CRYSTALLINE FLAKE EXECPT FLAKE DUST,7802259,3690433,KG,2.1142,5983372,1542810,76.69
2023-08,2504101000,graphite (crystalline flake),restricted,NATURAL GRAPHITE CRYSTALLINE FLAKE EXECPT FLAKE DUST,4075144,1561670,KG,2.6095,2875696,675770,70.57
2023-09,2504101000,graphite (crystalline flake),restricted,NATURAL GRAPHITE CRYSTALLINE FLAKE EXECPT FLAKE DUST,4432894,3677450,KG,1.2054,1509412,352560,34.05
2023-10,2504101000,graphite (crystalline flake),restricted,NATURAL GRAPHITE CRYSTALLINE FLAKE EXECPT FLAKE DUST,3212341,3791268,KG,0.8473,526454,263640,16.39
2023-11,2504101000,graphite (crystalline flake),restricted,NATURAL GRAPHITE CRYSTALLINE FLAKE EXECPT FLAKE DUST,1514189,882728,KG,1.7154,741640,225240,48.98
2023-12,2504101000,graphite (crystalline flake),restricted,NATURAL GRAPHITE CRYSTALLINE FLAKE EXECPT FLAKE DUST,7085805,3471868,KG,2.0409,5592484,1535411,78.93
2024-01,2504101000,graphite (crystalline flake),restricted,NATURAL GRAPHITE CRYSTALLINE FLAKE EXECPT FLAKE DUST,1191240,935086,KG,1.2739,185757,111640,15.59
2024-02,2504101000,graphite (crystalline flake),restricted,NATURAL GRAPHITE CRYSTALLINE FLAKE EXECPT FLAKE DUST,5554975,3460214,KG,1.6054,3293774,955000,59.29
2024-03,2504101000,graphite (crystalline flake),restricted,NATURAL GRAPHITE CRYSTALLINE FLAKE EXECPT FLAKE DUST,10140568,3273874,KG,3.0974,8609900,1860000,84.91
2024-04,2504101000,graphite (crystalline flake),restricted,NATURAL GRAPHITE CRYSTALLINE FLAKE EXECPT FLAKE DUST,7682569,2214347,KG,3.4695,6809267,1516723,88.63
2024-05,2504101000,graphite (crystalline flake),restricted,NATURAL GRAPHITE CRYSTALLINE FLAKE EXECPT FLAKE DUST,6655053,2362991,KG,2.8164,5531035,1547590,83.11
2024-06,2504101000,graphite (crystalline flake),restricted,NATURAL GRAPHITE CRYSTALLINE FLAKE EXECPT FLAKE DUST,5440357,2263678,KG,2.4033,4271870,1206000,78.52
2024-07,2504101000,graphite (crystalline flake),restricted,NATURAL GRAPHITE CRYSTALLINE FLAKE EXECPT FLAKE DUST,5736022,2384292,KG,2.4058,4772728,1673412,83.21
2024-08,2504101000,graphite (crystalline flake),restricted,NATURAL GRAPHITE CRYSTALLINE FLAKE EXECPT FLAKE DUST,4799630,2146196,KG,2.2363,3512522,1076237,73.18
2024-09,2504101000,graphite (crystalline flake),restricted,NATURAL GRAPHITE CRYSTALLINE FLAKE EXECPT FLAKE DUST,7348963,2842550,KG,2.5853,6201436,1935400,84.39
2024-10,2504101000,graphite (crystalline flake),restricted,NATURAL GRAPHITE CRYSTALLINE FLAKE EXECPT FLAKE DUST,5235848,2846239,KG,1.8396,3510090,1014202,67.04
2024-11,2504101000,graphite (crystalline flake),restricted,NATURAL GRAPHITE CRYSTALLINE FLAKE EXECPT FLAKE DUST,3201580,2375762,KG,1.3476,1733722,781960,54.15
2024-12,2504101000,graphite (crystalline flake),restricted,NATURAL GRAPHITE CRYSTALLINE FLAKE EXECPT FLAKE DUST,1598283,1473112,KG,1.085,389800,168160,24.39
2025-01,2504101000,graphite (crystalline flake),restricted,NATURAL GRAPHITE CRYSTALLINE FLAKE EXECPT FLAKE DUST,1513556,1195908,KG,1.2656,198912,58160,13.14
2025-02,2504101000,graphite (crystalline flake),restricted,NATURAL GRAPHITE CRYSTALLINE FLAKE EXECPT FLAKE DUST,959585,642183,KG,1.4943,155255,84668,16.18
2025-03,2504101000,graphite (crystalline flake),restricted,NATURAL GRAPHITE CRYSTALLINE FLAKE EXECPT FLAKE DUST,2444021,2629761,KG,0.9294,170998,54920,7.0
2025-04,2504101000,graphite (crystalline flake),restricted,NATURAL GRAPHITE CRYSTALLINE FLAKE EXECPT FLAKE DUST,1596114,944225,KG,1.6904,75829,25100,4.75
2025-05,2504101000,graphite (crystalline flake),restricted,NATURAL GRAPHITE CRYSTALLINE FLAKE EXECPT FLAKE DUST,1587692,1127520,KG,1.4081,193725,74547,12.2
2025-06,2504101000,graphite (crystalline flake),restricted,NATURAL GRAPHITE CRYSTALLINE FLAKE EXECPT FLAKE DUST,1645990,1034837,KG,1.5906,0,0,0.0
2025-07,2504101000,graphite (crystalline flake),restricted,NATURAL GRAPHITE CRYSTALLINE FLAKE EXECPT FLAKE DUST,1938556,1242619,KG,1.5601,0,0,0.0
2025-08,2504101000,graphite (crystalline flake),restricted,NATURAL GRAPHITE CRYSTALLINE FLAKE EXECPT FLAKE DUST,2143695,1489518,KG,1.4392,72074,75513,3.36
2025-09,2504101000,graphite (crystalline flake),restricted,NATURAL GRAPHITE CRYSTALLINE FLAKE EXECPT FLAKE DUST,2235813,1329780,KG,1.6813,942781,600681,42.17
2025-10,2504101000,graphite (crystalline flake),restricted,NATURAL GRAPHITE CRYSTALLINE FLAKE EXECPT FLAKE DUST,8407448,9744312,KG,0.8628,337125,132952,4.01
2025-11,2504101000,graphite (crystalline flake),restricted,NATURAL GRAPHITE CRYSTALLINE FLAKE EXECPT FLAKE DUST,1258347,1215421,KG,1.0353,453058,401796,36.0
2025-12,2504101000,graphite (crystalline flake),restricted,NATURAL GRAPHITE CRYSTALLINE FLAKE EXECPT FLAKE DUST,1574309,1771880,KG,0.8885,1306000,1500000,82.96
2026-01,2504101000,graphite (crystalline flake),restricted,NATURAL GRAPHITE CRYSTALLINE FLAKE EXECPT FLAKE DUST,1456509,948863,KG,1.535,897025,510600,61.59
2026-02,2504101000,graphite (crystalline flake),restricted,NATURAL GRAPHITE CRYSTALLINE FLAKE EXECPT FLAKE DUST,1021652,502753,KG,2.0321,354002,118400,34.65
2026-03,2504101000,graphite (crystalline flake),restricted,NATURAL GRAPHITE CRYSTALLINE FLAKE EXECPT FLAKE DUST,1557724,821416,KG,1.8964,545841,257360,35.04
2026-04,2504101000,graphite (crystalline flake),restricted,NATURAL GRAPHITE CRYSTALLINE FLAKE EXECPT FLAKE DUST,786475,532555,KG,1.4768,198951,100621,25.3
2026-05,2504101000,graphite (crystalline flake),restricted,NATURAL GRAPHITE CRYSTALLINE FLAKE EXECPT FLAKE DUST,1080476,576606,KG,1.8739,535168,203052,49.53
2026-06,2504101000,graphite (crystalline flake),restricted,NATURAL GRAPHITE CRYSTALLINE FLAKE EXECPT FLAKE DUST,410832,257803,KG,1.5936,92880,36000,22.61
2026-07,2504101000,graphite (crystalline flake),restricted,NATURAL GRAPHITE CRYSTALLINE FLAKE EXECPT FLAKE DUST,449809,217217,KG,2.0708,0,0,0.0
2023-01,2504105000,graphite (other natural),restricted,"NATURAL GRAPHITE IN POWDER OR FLAKES, NESOI",10607510,4692189,KG,2.2607,,,
2023-02,2504105000,graphite (other natural),restricted,"NATURAL GRAPHITE IN POWDER OR FLAKES, NESOI",8542808,2849624,KG,2.9979,,,
2023-03,2504105000,graphite (other natural),restricted,"NATURAL GRAPHITE IN POWDER OR FLAKES, NESOI",5686378,2372066,KG,2.3972,,,
2023-04,2504105000,graphite (other natural),restricted,"NATURAL GRAPHITE IN POWDER OR FLAKES, NESOI",7453716,3145835,KG,2.3694,,,
2023-05,2504105000,graphite (other natural),restricted,"NATURAL GRAPHITE IN POWDER OR FLAKES, NESOI",6018049,2364043,KG,2.5457,,,
2023-06,2504105000,graphite (other natural),restricted,"NATURAL GRAPHITE IN POWDER OR FLAKES, NESOI",4763750,2249315,KG,2.1179,,,
2023-07,2504105000,graphite (other natural),restricted,"NATURAL GRAPHITE IN POWDER OR FLAKES, NESOI",6613037,3360188,KG,1.9681,,,
2023-08,2504105000,graphite (other natural),restricted,"NATURAL GRAPHITE IN POWDER OR FLAKES, NESOI",6583965,3061790,KG,2.1504,,,
2023-09,2504105000,graphite (other natural),restricted,"NATURAL GRAPHITE IN POWDER OR FLAKES, NESOI",6964129,2368683,KG,2.9401,,,
2023-10,2504105000,graphite (other natural),restricted,"NATURAL GRAPHITE IN POWDER OR FLAKES, NESOI",4880929,2844776,KG,1.7158,,,
2023-11,2504105000,graphite (other natural),restricted,"NATURAL GRAPHITE IN POWDER OR FLAKES, NESOI",4953903,2290770,KG,2.1625,,,
2023-12,2504105000,graphite (other natural),restricted,"NATURAL GRAPHITE IN POWDER OR FLAKES, NESOI",5351607,2253976,KG,2.3743,,,
2024-01,2504105000,graphite (other natural),restricted,"NATURAL GRAPHITE IN POWDER OR FLAKES, NESOI",2933885,1859128,KG,1.5781,,,
2024-02,2504105000,graphite (other natural),restricted,"NATURAL GRAPHITE IN POWDER OR FLAKES, NESOI",3411178,2132855,KG,1.5993,,,
2024-03,2504105000,graphite (other natural),restricted,"NATURAL GRAPHITE IN POWDER OR FLAKES, NESOI",5077138,2270140,KG,2.2365,,,
2024-04,2504105000,graphite (other natural),restricted,"NATURAL GRAPHITE IN POWDER OR FLAKES, NESOI",6445531,2963334,KG,2.1751,,,
2024-05,2504105000,graphite (other natural),restricted,"NATURAL GRAPHITE IN POWDER OR FLAKES, NESOI",6883148,3613802,KG,1.9047,,,
2024-06,2504105000,graphite (other natural),restricted,"NATURAL GRAPHITE IN POWDER OR FLAKES, NESOI",7438191,3359987,KG,2.2138,,,
2024-07,2504105000,graphite (other natural),restricted,"NATURAL GRAPHITE IN POWDER OR FLAKES, NESOI",6517280,2673348,KG,2.4379,,,
2024-08,2504105000,graphite (other natural),restricted,"NATURAL GRAPHITE IN POWDER OR FLAKES, NESOI",2603391,1850475,KG,1.4069,,,
2024-09,2504105000,graphite (other natural),restricted,"NATURAL GRAPHITE IN POWDER OR FLAKES, NESOI",5855498,2208372,KG,2.6515,,,
2024-10,2504105000,graphite (other natural),restricted,"NATURAL GRAPHITE IN POWDER OR FLAKES, NESOI",8540612,4087648,KG,2.0894,,,
2024-11,2504105000,graphite (other natural),restricted,"NATURAL GRAPHITE IN POWDER OR FLAKES, NESOI",6193917,3245329,KG,1.9086,,,
2024-12,2504105000,graphite (other natural),restricted,"NATURAL GRAPHITE IN POWDER OR FLAKES, NESOI",10080891,4266749,KG,2.3627,,,
2025-01,2504105000,graphite (other natural),restricted,"NATURAL GRAPHITE IN POWDER OR FLAKES, NESOI",11163930,5329487,KG,2.0947,,,
2025-02,2504105000,graphite (other natural),restricted,"NATURAL GRAPHITE IN POWDER OR FLAKES, NESOI",10006973,3947579,KG,2.535,,,
2025-03,2504105000,graphite (other natural),restricted,"NATURAL GRAPHITE IN POWDER OR FLAKES, NESOI",8144004,3338099,KG,2.4397,,,
2025-04,2504105000,graphite (other natural),restricted,"NATURAL GRAPHITE IN POWDER OR FLAKES, NESOI",11531545,4218165,KG,2.7338,,,
2025-05,2504105000,graphite (other natural),restricted,"NATURAL GRAPHITE IN POWDER OR FLAKES, NESOI",7210132,3085752,KG,2.3366,,,
2025-06,2504105000,graphite (other natural),restricted,"NATURAL GRAPHITE IN POWDER OR FLAKES, NESOI",8417521,4470109,KG,1.8831,,,
2025-07,2504105000,graphite (other natural),restricted,"NATURAL GRAPHITE IN POWDER OR FLAKES, NESOI",8554109,5359062,KG,1.5962,,,
2025-08,2504105000,graphite (other natural),restricted,"NATURAL GRAPHITE IN POWDER OR FLAKES, NESOI",10657314,4242167,KG,2.5122,,,
2025-09,2504105000,graphite (other natural),restricted,"NATURAL GRAPHITE IN POWDER OR FLAKES, NESOI",9219808,3573197,KG,2.5803,,,
2025-10,2504105000,graphite (other natural),restricted,"NATURAL GRAPHITE IN POWDER OR FLAKES, NESOI",6313084,3185418,KG,1.9819,,,
2025-11,2504105000,graphite (other natural),restricted,"NATURAL GRAPHITE IN POWDER OR FLAKES, NESOI",7628595,4944350,KG,1.5429,,,
2025-12,2504105000,graphite (other natural),restricted,"NATURAL GRAPHITE IN POWDER OR FLAKES, NESOI",4818280,2807455,KG,1.7162,,,
2026-01,2504105000,graphite (other natural),restricted,"NATURAL GRAPHITE IN POWDER OR FLAKES, NESOI",8664830,4838842,KG,1.7907,,,
2026-02,2504105000,graphite (other natural),restricted,"NATURAL GRAPHITE IN POWDER OR FLAKES, NESOI",4129541,2112825,KG,1.9545,,,
2026-03,2504105000,graphite (other natural),restricted,"NATURAL GRAPHITE IN POWDER OR FLAKES, NESOI",7626609,3195655,KG,2.3866,,,
2026-04,2504105000,graphite (other natural),restricted,"NATURAL GRAPHITE IN POWDER OR FLAKES, NESOI",5915937,2401440,KG,2.4635,,,
2026-05,2504105000,graphite (other natural),restricted,"NATURAL GRAPHITE IN POWDER OR FLAKES, NESOI",6164204,3516316,KG,1.753,,,
2026-06,2504105000,graphite (other natural),restricted,"NATURAL GRAPHITE IN POWDER OR FLAKES, NESOI",6936849,3579014,KG,1.9382,,,
2026-07,2504105000,graphite (other natural),restricted,"NATURAL GRAPHITE IN POWDER OR FLAKES, NESOI",7092717,2972036,KG,2.3865,,,
2023-01,8112923000,indium,restricted,UNWROUGHT INDIUM INCL POWDERS,3139218,15730,KG,199.5688,108768,600,3.46
2023-02,8112923000,indium,restricted,UNWROUGHT INDIUM INCL POWDERS,2015567,10306,KG,195.5722,0,0,0.0
2023-03,8112923000,indium,restricted,UNWROUGHT INDIUM INCL POWDERS,3364580,14966,KG,224.8149,502514,2284,14.94
2023-04,8112923000,indium,restricted,UNWROUGHT INDIUM INCL POWDERS,2401577,33538,KG,71.6076,189875,943,7.91
2023-05,8112923000,indium,restricted,UNWROUGHT INDIUM INCL POWDERS,4033872,42837,KG,94.1679,6800,10,0.17
2023-06,8112923000,indium,restricted,UNWROUGHT INDIUM INCL POWDERS,3217952,16440,KG,195.7392,0,0,0.0
2023-07,8112923000,indium,restricted,UNWROUGHT INDIUM INCL POWDERS,2969225,14997,KG,197.9879,500000,2000,16.84
2023-08,8112923000,indium,restricted,UNWROUGHT INDIUM INCL POWDERS,2486363,11749,KG,211.6234,490055,2200,19.71
2023-09,8112923000,indium,restricted,UNWROUGHT INDIUM INCL POWDERS,3650246,15330,KG,238.1113,318748,1190,8.73
2023-10,8112923000,indium,restricted,UNWROUGHT INDIUM INCL POWDERS,3806955,16960,KG,224.4667,230000,1000,6.04
2023-11,8112923000,indium,restricted,UNWROUGHT INDIUM INCL POWDERS,2854635,14312,KG,199.4574,7126,14,0.25
2023-12,8112923000,indium,restricted,UNWROUGHT INDIUM INCL POWDERS,2775296,11665,KG,237.9165,12924,17,0.47
2024-01,8112923000,indium,restricted,UNWROUGHT INDIUM INCL POWDERS,2950071,14885,KG,198.1909,11400,10,0.39
2024-02,8112923000,indium,restricted,UNWROUGHT INDIUM INCL POWDERS,4625117,20305,KG,227.7822,812495,3815,17.57
2024-03,8112923000,indium,restricted,UNWROUGHT INDIUM INCL POWDERS,7286205,32353,KG,225.2096,2788884,12108,38.28
2024-04,8112923000,indium,restricted,UNWROUGHT INDIUM INCL POWDERS,5882805,26363,KG,223.1463,3069995,14129,52.19
2024-05,8112923000,indium,restricted,UNWROUGHT INDIUM INCL POWDERS,3807396,14330,KG,265.6941,791673,2535,20.79
2024-06,8112923000,indium,restricted,UNWROUGHT INDIUM INCL POWDERS,5165250,16203,KG,318.7836,1783700,5385,34.53
2024-07,8112923000,indium,restricted,UNWROUGHT INDIUM INCL POWDERS,9832817,25015,KG,393.0768,2876102,7305,29.25
2024-08,8112923000,indium,restricted,UNWROUGHT INDIUM INCL POWDERS,2189862,6641,KG,329.7488,84883,246,3.88
2024-09,8112923000,indium,restricted,UNWROUGHT INDIUM INCL POWDERS,17769659,47445,KG,374.5318,8820022,23098,49.64
2024-10,8112923000,indium,restricted,UNWROUGHT INDIUM INCL POWDERS,5082397,14313,KG,355.0896,0,0,0.0
2024-11,8112923000,indium,restricted,UNWROUGHT INDIUM INCL POWDERS,3922541,10555,KG,371.6287,0,0,0.0
2024-12,8112923000,indium,restricted,UNWROUGHT INDIUM INCL POWDERS,2832108,8307,KG,340.9303,181567,522,6.41
2025-01,8112923000,indium,restricted,UNWROUGHT INDIUM INCL POWDERS,5924073,19014,KG,311.5637,,,
2025-02,8112923000,indium,restricted,UNWROUGHT INDIUM INCL POWDERS,4732094,11490,KG,411.8446,8865,9,0.19
2025-03,8112923000,indium,restricted,UNWROUGHT INDIUM INCL POWDERS,8123594,21680,KG,374.7045,737766,2014,9.08
2025-04,8112923000,indium,restricted,UNWROUGHT INDIUM INCL POWDERS,5075353,16028,KG,316.6554,0,0,0.0
2025-05,8112923000,indium,restricted,UNWROUGHT INDIUM INCL POWDERS,8802901,41349,KG,212.8927,455200,2000,5.17
2025-06,8112923000,indium,restricted,UNWROUGHT INDIUM INCL POWDERS,2716322,7239,KG,375.2344,3000,1,0.11
2025-07,8112923000,indium,restricted,UNWROUGHT INDIUM INCL POWDERS,5585945,15128,KG,369.2454,0,0,0.0
2025-08,8112923000,indium,restricted,UNWROUGHT INDIUM INCL POWDERS,5385346,17835,KG,301.9538,3081,4,0.06
2025-09,8112923000,indium,restricted,UNWROUGHT INDIUM INCL POWDERS,4843328,13875,KG,349.0687,0,0,0.0
2025-10,8112923000,indium,restricted,UNWROUGHT INDIUM INCL POWDERS,4835305,13175,KG,367.0061,654160,1924,13.53
2025-11,8112923000,indium,restricted,UNWROUGHT INDIUM INCL POWDERS,5836062,15667,KG,372.5067,355000,1000,6.08
2025-12,8112923000,indium,restricted,UNWROUGHT INDIUM INCL POWDERS,7345720,18948,KG,387.6779,3000,5,0.04
2026-01,8112923000,indium,restricted,UNWROUGHT INDIUM INCL POWDERS,4132772,11030,KG,374.6847,3080,4,0.07
2026-02,8112923000,indium,restricted,UNWROUGHT INDIUM INCL POWDERS,10993969,22647,KG,485.4492,350700,1000,3.19
2026-03,8112923000,indium,restricted,UNWROUGHT INDIUM INCL POWDERS,9688543,15343,KG,631.4634,0,0,0.0
2026-04,8112923000,indium,restricted,UNWROUGHT INDIUM INCL POWDERS,11065990,17268,KG,640.838,5495,4,0.05
2026-05,8112923000,indium,restricted,UNWROUGHT INDIUM INCL POWDERS,13571744,21720,KG,624.8501,55194,36,0.41
2026-06,8112923000,indium,restricted,UNWROUGHT INDIUM INCL POWDERS,10554449,15014,KG,702.9738,1159570,664,10.99
2026-07,8112923000,indium,restricted,UNWROUGHT INDIUM INCL POWDERS,19198049,27696,KG,693.1705,344705,405,1.8
2023-01,8102940000,molybdenum (unwrought),restricted,"UNWROUGHT MOLYBDENUM, INCLUDING BARS AND RODS OBTAINED SIMPLY BY SINTERING",1471128,26226,KG,56.0943,968300,14080,65.82
2023-02,8102940000,molybdenum (unwrought),restricted,"UNWROUGHT MOLYBDENUM, INCLUDING BARS AND RODS OBTAINED SIMPLY BY SINTERING",5138820,88997,KG,57.7415,1436350,24813,27.95
2023-03,8102940000,molybdenum (unwrought),restricted,"UNWROUGHT MOLYBDENUM, INCLUDING BARS AND RODS OBTAINED SIMPLY BY SINTERING",4545341,61239,KG,74.223,984002,17214,21.65
2023-04,8102940000,molybdenum (unwrought),restricted,"UNWROUGHT MOLYBDENUM, INCLUDING BARS AND RODS OBTAINED SIMPLY BY SINTERING",2741593,36287,KG,75.553,1882157,24972,68.65
2023-05,8102940000,molybdenum (unwrought),restricted,"UNWROUGHT MOLYBDENUM, INCLUDING BARS AND RODS OBTAINED SIMPLY BY SINTERING",1087506,20617,KG,52.748,481456,7198,44.27
2023-06,8102940000,molybdenum (unwrought),restricted,"UNWROUGHT MOLYBDENUM, INCLUDING BARS AND RODS OBTAINED SIMPLY BY SINTERING",1170666,19006,KG,61.5945,1168482,19000,99.81
2023-07,8102940000,molybdenum (unwrought),restricted,"UNWROUGHT MOLYBDENUM, INCLUDING BARS AND RODS OBTAINED SIMPLY BY SINTERING",4316629,76650,KG,56.3161,3042280,51554,70.48
2023-08,8102940000,molybdenum (unwrought),restricted,"UNWROUGHT MOLYBDENUM, INCLUDING BARS AND RODS OBTAINED SIMPLY BY SINTERING",8017038,126495,KG,63.3783,6910546,104776,86.2
2023-09,8102940000,molybdenum (unwrought),restricted,"UNWROUGHT MOLYBDENUM, INCLUDING BARS AND RODS OBTAINED SIMPLY BY SINTERING",3783228,58618,KG,64.5404,3059000,45000,80.86
2023-10,8102940000,molybdenum (unwrought),restricted,"UNWROUGHT MOLYBDENUM, INCLUDING BARS AND RODS OBTAINED SIMPLY BY SINTERING",4050467,66104,KG,61.2742,2990630,46201,73.83
2023-11,8102940000,molybdenum (unwrought),restricted,"UNWROUGHT MOLYBDENUM, INCLUDING BARS AND RODS OBTAINED SIMPLY BY SINTERING",2204344,36687,KG,60.0852,2204344,36687,100.0
2023-12,8102940000,molybdenum (unwrought),restricted,"UNWROUGHT MOLYBDENUM, INCLUDING BARS AND RODS OBTAINED SIMPLY BY SINTERING",1209917,19981,KG,60.5534,1185000,19878,97.94
2024-01,8102940000,molybdenum (unwrought),restricted,"UNWROUGHT MOLYBDENUM, INCLUDING BARS AND RODS OBTAINED SIMPLY BY SINTERING",4116430,86483,KG,47.5981,2541539,45258,61.74
2024-02,8102940000,molybdenum (unwrought),restricted,"UNWROUGHT MOLYBDENUM, INCLUDING BARS AND RODS OBTAINED SIMPLY BY SINTERING",2608855,49820,KG,52.3656,1690930,30045,64.82
2024-03,8102940000,molybdenum (unwrought),restricted,"UNWROUGHT MOLYBDENUM, INCLUDING BARS AND RODS OBTAINED SIMPLY BY SINTERING",5270857,96259,KG,54.757,4330825,78201,82.17
2024-04,8102940000,molybdenum (unwrought),restricted,"UNWROUGHT MOLYBDENUM, INCLUDING BARS AND RODS OBTAINED SIMPLY BY SINTERING",7147725,126900,KG,56.3257,6260129,109225,87.58
2024-05,8102940000,molybdenum (unwrought),restricted,"UNWROUGHT MOLYBDENUM, INCLUDING BARS AND RODS OBTAINED SIMPLY BY SINTERING",4063113,72101,KG,56.3531,3148765,52569,77.5
2024-06,8102940000,molybdenum (unwrought),restricted,"UNWROUGHT MOLYBDENUM, INCLUDING BARS AND RODS OBTAINED SIMPLY BY SINTERING",3029303,52075,KG,58.1719,2516781,45014,83.08
2024-07,8102940000,molybdenum (unwrought),restricted,"UNWROUGHT MOLYBDENUM, INCLUDING BARS AND RODS OBTAINED SIMPLY BY SINTERING",9199069,151235,KG,60.8263,7864447,128187,85.49
2024-08,8102940000,molybdenum (unwrought),restricted,"UNWROUGHT MOLYBDENUM, INCLUDING BARS AND RODS OBTAINED SIMPLY BY SINTERING",8844324,143185,KG,61.7685,8254839,131000,93.33
2024-09,8102940000,molybdenum (unwrought),restricted,"UNWROUGHT MOLYBDENUM, INCLUDING BARS AND RODS OBTAINED SIMPLY BY SINTERING",5313622,91331,KG,58.1798,4741937,79551,89.24
2024-10,8102940000,molybdenum (unwrought),restricted,"UNWROUGHT MOLYBDENUM, INCLUDING BARS AND RODS OBTAINED SIMPLY BY SINTERING",3393096,58510,KG,57.9917,3390447,58500,99.92
2024-11,8102940000,molybdenum (unwrought),restricted,"UNWROUGHT MOLYBDENUM, INCLUDING BARS AND RODS OBTAINED SIMPLY BY SINTERING",2071239,35997,KG,57.5392,1217089,20049,58.76
2024-12,8102940000,molybdenum (unwrought),restricted,"UNWROUGHT MOLYBDENUM, INCLUDING BARS AND RODS OBTAINED SIMPLY BY SINTERING",6816023,114732,KG,59.4082,5402200,90517,79.26
2025-01,8102940000,molybdenum (unwrought),restricted,"UNWROUGHT MOLYBDENUM, INCLUDING BARS AND RODS OBTAINED SIMPLY BY SINTERING",4282850,74082,KG,57.8123,3638673,60960,84.96
2025-02,8102940000,molybdenum (unwrought),restricted,"UNWROUGHT MOLYBDENUM, INCLUDING BARS AND RODS OBTAINED SIMPLY BY SINTERING",2119944,44070,KG,48.104,875000,15000,41.27
2025-03,8102940000,molybdenum (unwrought),restricted,"UNWROUGHT MOLYBDENUM, INCLUDING BARS AND RODS OBTAINED SIMPLY BY SINTERING",2249035,41757,KG,53.8601,1140000,20000,50.69
2025-04,8102940000,molybdenum (unwrought),restricted,"UNWROUGHT MOLYBDENUM, INCLUDING BARS AND RODS OBTAINED SIMPLY BY SINTERING",5037999,85895,KG,58.653,3524630,60390,69.96
2025-05,8102940000,molybdenum (unwrought),restricted,"UNWROUGHT MOLYBDENUM, INCLUDING BARS AND RODS OBTAINED SIMPLY BY SINTERING",2303445,33401,KG,68.9634,1164000,20000,50.53
2025-06,8102940000,molybdenum (unwrought),restricted,"UNWROUGHT MOLYBDENUM, INCLUDING BARS AND RODS OBTAINED SIMPLY BY SINTERING",2772596,65555,KG,42.2942,1164000,20000,41.98
2025-07,8102940000,molybdenum (unwrought),restricted,"UNWROUGHT MOLYBDENUM, INCLUDING BARS AND RODS OBTAINED SIMPLY BY SINTERING",969824,17248,KG,56.2282,28569,237,2.95
2025-08,8102940000,molybdenum (unwrought),restricted,"UNWROUGHT MOLYBDENUM, INCLUDING BARS AND RODS OBTAINED SIMPLY BY SINTERING",2171629,41692,KG,52.0874,4506,63,0.21
2025-09,8102940000,molybdenum (unwrought),restricted,"UNWROUGHT MOLYBDENUM, INCLUDING BARS AND RODS OBTAINED SIMPLY BY SINTERING",13565,120,KG,113.0417,0,0,0.0
2025-10,8102940000,molybdenum (unwrought),restricted,"UNWROUGHT MOLYBDENUM, INCLUDING BARS AND RODS OBTAINED SIMPLY BY SINTERING",1013809,13712,KG,73.9359,43850,260,4.33
2025-11,8102940000,molybdenum (unwrought),restricted,"UNWROUGHT MOLYBDENUM, INCLUDING BARS AND RODS OBTAINED SIMPLY BY SINTERING",3205467,45978,KG,69.7174,2761680,40126,86.16
2025-12,8102940000,molybdenum (unwrought),restricted,"UNWROUGHT MOLYBDENUM, INCLUDING BARS AND RODS OBTAINED SIMPLY BY SINTERING",5306678,81202,KG,65.3516,2018717,30152,38.04
2026-01,8102940000,molybdenum (unwrought),restricted,"UNWROUGHT MOLYBDENUM, INCLUDING BARS AND RODS OBTAINED SIMPLY BY SINTERING",871243,12266,KG,71.0291,871243,12266,100.0
2026-02,8102940000,molybdenum (unwrought),restricted,"UNWROUGHT MOLYBDENUM, INCLUDING BARS AND RODS OBTAINED SIMPLY BY SINTERING",439867,7305,KG,60.2145,373200,6440,84.84
2026-03,8102940000,molybdenum (unwrought),restricted,"UNWROUGHT MOLYBDENUM, INCLUDING BARS AND RODS OBTAINED SIMPLY BY SINTERING",1936436,33292,KG,58.1652,0,0,0.0
2026-04,8102940000,molybdenum (unwrought),restricted,"UNWROUGHT MOLYBDENUM, INCLUDING BARS AND RODS OBTAINED SIMPLY BY SINTERING",2386839,34542,KG,69.0996,28500,531,1.19
2026-05,8102940000,molybdenum (unwrought),restricted,"UNWROUGHT MOLYBDENUM, INCLUDING BARS AND RODS OBTAINED SIMPLY BY SINTERING",2637111,19960,KG,132.1198,4640,80,0.18
2026-06,8102940000,molybdenum (unwrought),restricted,"UNWROUGHT MOLYBDENUM, INCLUDING BARS AND RODS OBTAINED SIMPLY BY SINTERING",4293024,45947,KG,93.4343,1570200,20864,36.58
2026-07,8102940000,molybdenum (unwrought),restricted,"UNWROUGHT MOLYBDENUM, INCLUDING BARS AND RODS OBTAINED SIMPLY BY SINTERING",3213769,35891,KG,89.5425,440886,4188,13.72
2023-01,7104210000,synthetic diamond (unworked),restricted,"SYNTHETIC OR RECONSTRUCTED DIAMONDS, UNWORKED OR SIMPLY SAWN OR ROUGHLY SHAPED",1191517,100221,GM,11.8889,121975,89160,10.24
2023-02,7104210000,synthetic diamond (unworked),restricted,"SYNTHETIC OR RECONSTRUCTED DIAMONDS, UNWORKED OR SIMPLY SAWN OR ROUGHLY SHAPED",1166120,203981,GM,5.7168,304365,193240,26.1
2023-03,7104210000,synthetic diamond (unworked),restricted,"SYNTHETIC OR RECONSTRUCTED DIAMONDS, UNWORKED OR SIMPLY SAWN OR ROUGHLY SHAPED",2043373,237216,GM,8.614,481055,200628,23.54
2023-04,7104210000,synthetic diamond (unworked),restricted,"SYNTHETIC OR RECONSTRUCTED DIAMONDS, UNWORKED OR SIMPLY SAWN OR ROUGHLY SHAPED",1075148,132967,GM,8.0858,179232,118418,16.67
2023-05,7104210000,synthetic diamond (unworked),restricted,"SYNTHETIC OR RECONSTRUCTED DIAMONDS, UNWORKED OR SIMPLY SAWN OR ROUGHLY SHAPED",994179,113494,GM,8.7597,164248,96698,16.52
2023-06,7104210000,synthetic diamond (unworked),restricted,"SYNTHETIC OR RECONSTRUCTED DIAMONDS, UNWORKED OR SIMPLY SAWN OR ROUGHLY SHAPED",1041085,204506,GM,5.0907,241597,187100,23.21
2023-07,7104210000,synthetic diamond (unworked),restricted,"SYNTHETIC OR RECONSTRUCTED DIAMONDS, UNWORKED OR SIMPLY SAWN OR ROUGHLY SHAPED",1243515,154539,GM,8.0466,183698,135933,14.77
2023-08,7104210000,synthetic diamond (unworked),restricted,"SYNTHETIC OR RECONSTRUCTED DIAMONDS, UNWORKED OR SIMPLY SAWN OR ROUGHLY SHAPED",1061656,225309,GM,4.712,269185,210180,25.36
2023-09,7104210000,synthetic diamond (unworked),restricted,"SYNTHETIC OR RECONSTRUCTED DIAMONDS, UNWORKED OR SIMPLY SAWN OR ROUGHLY SHAPED",1082744,173655,GM,6.235,201873,144479,18.64
2023-10,7104210000,synthetic diamond (unworked),restricted,"SYNTHETIC OR RECONSTRUCTED DIAMONDS, UNWORKED OR SIMPLY SAWN OR ROUGHLY SHAPED",1641918,209342,GM,7.8432,216500,176910,13.19
2023-11,7104210000,synthetic diamond (unworked),restricted,"SYNTHETIC OR RECONSTRUCTED DIAMONDS, UNWORKED OR SIMPLY SAWN OR ROUGHLY SHAPED",1169321,133302,GM,8.772,205299,120040,17.56
2023-12,7104210000,synthetic diamond (unworked),restricted,"SYNTHETIC OR RECONSTRUCTED DIAMONDS, UNWORKED OR SIMPLY SAWN OR ROUGHLY SHAPED",1115897,182547,GM,6.1129,224612,172074,20.13
2024-01,7104210000,synthetic diamond (unworked),restricted,"SYNTHETIC OR RECONSTRUCTED DIAMONDS, UNWORKED OR SIMPLY SAWN OR ROUGHLY SHAPED",1368909,74600,GM,18.35,103603,53174,7.57
2024-02,7104210000,synthetic diamond (unworked),restricted,"SYNTHETIC OR RECONSTRUCTED DIAMONDS, UNWORKED OR SIMPLY SAWN OR ROUGHLY SHAPED",1137980,131367,GM,8.6626,150535,96030,13.23
2024-03,7104210000,synthetic diamond (unworked),restricted,"SYNTHETIC OR RECONSTRUCTED DIAMONDS, UNWORKED OR SIMPLY SAWN OR ROUGHLY SHAPED",1518799,246730,GM,6.1557,316506,229930,20.84
2024-04,7104210000,synthetic diamond (unworked),restricted,"SYNTHETIC OR RECONSTRUCTED DIAMONDS, UNWORKED OR SIMPLY SAWN OR ROUGHLY SHAPED",1108024,171251,GM,6.4702,218852,155150,19.75
2024-05,7104210000,synthetic diamond (unworked),restricted,"SYNTHETIC OR RECONSTRUCTED DIAMONDS, UNWORKED OR SIMPLY SAWN OR ROUGHLY SHAPED",1104892,135300,GM,8.1662,172733,112070,15.63
2024-06,7104210000,synthetic diamond (unworked),restricted,"SYNTHETIC OR RECONSTRUCTED DIAMONDS, UNWORKED OR SIMPLY SAWN OR ROUGHLY SHAPED",810995,116684,GM,6.9504,125077,105400,15.42
2024-07,7104210000,synthetic diamond (unworked),restricted,"SYNTHETIC OR RECONSTRUCTED DIAMONDS, UNWORKED OR SIMPLY SAWN OR ROUGHLY SHAPED",1252844,203912,GM,6.144,240305,179290,19.18
2024-08,7104210000,synthetic diamond (unworked),restricted,"SYNTHETIC OR RECONSTRUCTED DIAMONDS, UNWORKED OR SIMPLY SAWN OR ROUGHLY SHAPED",1192923,136829,GM,8.7183,540820,115544,45.34
2024-09,7104210000,synthetic diamond (unworked),restricted,"SYNTHETIC OR RECONSTRUCTED DIAMONDS, UNWORKED OR SIMPLY SAWN OR ROUGHLY SHAPED",780287,96490,GM,8.0867,126893,80724,16.26
2024-10,7104210000,synthetic diamond (unworked),restricted,"SYNTHETIC OR RECONSTRUCTED DIAMONDS, UNWORKED OR SIMPLY SAWN OR ROUGHLY SHAPED",1258810,150084,GM,8.3874,200991,123542,15.97
2024-11,7104210000,synthetic diamond (unworked),restricted,"SYNTHETIC OR RECONSTRUCTED DIAMONDS, UNWORKED OR SIMPLY SAWN OR ROUGHLY SHAPED",878423,659649,GM,1.3317,482887,648320,54.97
2024-12,7104210000,synthetic diamond (unworked),restricted,"SYNTHETIC OR RECONSTRUCTED DIAMONDS, UNWORKED OR SIMPLY SAWN OR ROUGHLY SHAPED",980488,335987,GM,2.9182,448559,320841,45.75
2025-01,7104210000,synthetic diamond (unworked),restricted,"SYNTHETIC OR RECONSTRUCTED DIAMONDS, UNWORKED OR SIMPLY SAWN OR ROUGHLY SHAPED",452116,96877,GM,4.6669,71208,84200,15.75
2025-02,7104210000,synthetic diamond (unworked),restricted,"SYNTHETIC OR RECONSTRUCTED DIAMONDS, UNWORKED OR SIMPLY SAWN OR ROUGHLY SHAPED",595937,62312,GM,9.5638,60000,54460,10.07
2025-03,7104210000,synthetic diamond (unworked),restricted,"SYNTHETIC OR RECONSTRUCTED DIAMONDS, UNWORKED OR SIMPLY SAWN OR ROUGHLY SHAPED",798950,103757,GM,7.7002,119805,89996,15.0
2025-04,7104210000,synthetic diamond (unworked),restricted,"SYNTHETIC OR RECONSTRUCTED DIAMONDS, UNWORKED OR SIMPLY SAWN OR ROUGHLY SHAPED",810639,239012,GM,3.3916,252352,227060,31.13
2025-05,7104210000,synthetic diamond (unworked),restricted,"SYNTHETIC OR RECONSTRUCTED DIAMONDS, UNWORKED OR SIMPLY SAWN OR ROUGHLY SHAPED",498864,106502,GM,4.6841,143300,98110,28.73
2025-06,7104210000,synthetic diamond (unworked),restricted,"SYNTHETIC OR RECONSTRUCTED DIAMONDS, UNWORKED OR SIMPLY SAWN OR ROUGHLY SHAPED",470209,192562,GM,2.4419,192138,147100,40.86
2025-07,7104210000,synthetic diamond (unworked),restricted,"SYNTHETIC OR RECONSTRUCTED DIAMONDS, UNWORKED OR SIMPLY SAWN OR ROUGHLY SHAPED",694779,191946,GM,3.6197,254350,178213,36.61
2025-08,7104210000,synthetic diamond (unworked),restricted,"SYNTHETIC OR RECONSTRUCTED DIAMONDS, UNWORKED OR SIMPLY SAWN OR ROUGHLY SHAPED",323582,50348,GM,6.4269,62235,43760,19.23
2025-09,7104210000,synthetic diamond (unworked),restricted,"SYNTHETIC OR RECONSTRUCTED DIAMONDS, UNWORKED OR SIMPLY SAWN OR ROUGHLY SHAPED",616922,196550,GM,3.1388,279705,189550,45.34
2025-10,7104210000,synthetic diamond (unworked),restricted,"SYNTHETIC OR RECONSTRUCTED DIAMONDS, UNWORKED OR SIMPLY SAWN OR ROUGHLY SHAPED",526553,150944,GM,3.4884,145086,142580,27.55
2025-11,7104210000,synthetic diamond (unworked),restricted,"SYNTHETIC OR RECONSTRUCTED DIAMONDS, UNWORKED OR SIMPLY SAWN OR ROUGHLY SHAPED",384773,162202,GM,2.3722,189255,153780,49.19
2025-12,7104210000,synthetic diamond (unworked),restricted,"SYNTHETIC OR RECONSTRUCTED DIAMONDS, UNWORKED OR SIMPLY SAWN OR ROUGHLY SHAPED",350303,139986,GM,2.5024,139008,131190,39.68
2026-01,7104210000,synthetic diamond (unworked),restricted,"SYNTHETIC OR RECONSTRUCTED DIAMONDS, UNWORKED OR SIMPLY SAWN OR ROUGHLY SHAPED",358987,37446,GM,9.5868,32294,30380,9.0
2026-02,7104210000,synthetic diamond (unworked),restricted,"SYNTHETIC OR RECONSTRUCTED DIAMONDS, UNWORKED OR SIMPLY SAWN OR ROUGHLY SHAPED",234985,75864,GM,3.0975,63990,72710,27.23
2026-03,7104210000,synthetic diamond (unworked),restricted,"SYNTHETIC OR RECONSTRUCTED DIAMONDS, UNWORKED OR SIMPLY SAWN OR ROUGHLY SHAPED",376252,81685,GM,4.6061,97413,76261,25.89
2026-04,7104210000,synthetic diamond (unworked),restricted,"SYNTHETIC OR RECONSTRUCTED DIAMONDS, UNWORKED OR SIMPLY SAWN OR ROUGHLY SHAPED",361931,107045,GM,3.3811,117438,99160,32.45
2026-05,7104210000,synthetic diamond (unworked),restricted,"SYNTHETIC OR RECONSTRUCTED DIAMONDS, UNWORKED OR SIMPLY SAWN OR ROUGHLY SHAPED",227481,56148,GM,4.0515,76585,53559,33.67
2026-06,7104210000,synthetic diamond (unworked),restricted,"SYNTHETIC OR RECONSTRUCTED DIAMONDS, UNWORKED OR SIMPLY SAWN OR ROUGHLY SHAPED",446344,10586,GM,42.1636,152548,5074,34.18
2026-07,7104210000,synthetic diamond (unworked),restricted,"SYNTHETIC OR RECONSTRUCTED DIAMONDS, UNWORKED OR SIMPLY SAWN OR ROUGHLY SHAPED",322753,23750,GM,13.5896,26075,17873,8.08
2023-01,2804500020,tellurium,restricted,TELLURIUM,85457,836,KG,102.2213,2136,31,2.5
2023-02,2804500020,tellurium,restricted,TELLURIUM,256863,1876,KG,136.9206,62762,1006,24.43
2023-03,2804500020,tellurium,restricted,TELLURIUM,90812,477,KG,190.3816,0,0,0.0
2023-04,2804500020,tellurium,restricted,TELLURIUM,4875,25,KG,195.0,4875,25,100.0
2023-05,2804500020,tellurium,restricted,TELLURIUM,146006,143,KG,1021.021,0,0,0.0
2023-06,2804500020,tellurium,restricted,TELLURIUM,46953,163,KG,288.0552,0,0,0.0
2023-07,2804500020,tellurium,restricted,TELLURIUM,182551,2053,KG,88.9191,4875,25,2.67
2023-08,2804500020,tellurium,restricted,TELLURIUM,54105,101,KG,535.6931,4875,25,9.01
2023-09,2804500020,tellurium,restricted,TELLURIUM,139274,1364,KG,102.107,4875,26,3.5
2023-10,2804500020,tellurium,restricted,TELLURIUM,37167,125,KG,297.336,10998,25,29.59
2023-11,2804500020,tellurium,restricted,TELLURIUM,46569,127,KG,366.685,0,0,0.0
2023-12,2804500020,tellurium,restricted,TELLURIUM,160193,1022,KG,156.7446,13735,50,8.57
2024-01,2804500020,tellurium,restricted,TELLURIUM,57023,437,KG,130.4874,,,
2024-02,2804500020,tellurium,restricted,TELLURIUM,72657,592,KG,122.7314,11712,50,16.12
2024-03,2804500020,tellurium,restricted,TELLURIUM,3200,2,KG,1600.0,0,0,0.0
2024-04,2804500020,tellurium,restricted,TELLURIUM,9500,43,KG,220.9302,0,0,0.0
2024-05,2804500020,tellurium,restricted,TELLURIUM,45850,562,KG,81.5836,0,0,0.0
2024-06,2804500020,tellurium,restricted,TELLURIUM,12941,11,KG,1176.4545,4275,5,33.03
2024-07,2804500020,tellurium,restricted,TELLURIUM,217512,3144,KG,69.1832,4275,5,1.97
2024-08,2804500020,tellurium,restricted,TELLURIUM,36558,54,KG,677.0,2200,23,6.02
2024-09,2804500020,tellurium,restricted,TELLURIUM,66790,206,KG,324.2233,0,0,0.0
2024-10,2804500020,tellurium,restricted,TELLURIUM,62634,486,KG,128.8765,3072,10,4.9
2024-11,2804500020,tellurium,restricted,TELLURIUM,78057,834,KG,93.5935,0,0,0.0
2024-12,2804500020,tellurium,restricted,TELLURIUM,13060,25,KG,522.4,0,0,0.0
2025-01,2804500020,tellurium,restricted,TELLURIUM,102962,1002,KG,102.7565,,,
2025-02,2804500020,tellurium,restricted,TELLURIUM,70661,355,KG,199.0451,,,
2025-03,2804500020,tellurium,restricted,TELLURIUM,162525,1446,KG,112.3963,,,
2025-04,2804500020,tellurium,restricted,TELLURIUM,185279,875,KG,211.7474,23733,100,12.81
2025-05,2804500020,tellurium,restricted,TELLURIUM,188722,1277,KG,147.7854,0,0,0.0
2025-06,2804500020,tellurium,restricted,TELLURIUM,38691,51,KG,758.6471,0,0,0.0
2025-07,2804500020,tellurium,restricted,TELLURIUM,80059,280,KG,285.925,0,0,0.0
2025-08,2804500020,tellurium,restricted,TELLURIUM,435258,3972,KG,109.5816,0,0,0.0
2025-09,2804500020,tellurium,restricted,TELLURIUM,467708,2922,KG,160.0643,128000,1000,27.37
2025-10,2804500020,tellurium,restricted,TELLURIUM,318588,2236,KG,142.4812,142824,1104,44.83
2025-11,2804500020,tellurium,restricted,TELLURIUM,268891,1445,KG,186.0837,0,0,0.0
2025-12,2804500020,tellurium,restricted,TELLURIUM,144596,658,KG,219.7508,0,0,0.0
2026-01,2804500020,tellurium,restricted,TELLURIUM,48085,43,KG,1118.2558,,,
2026-02,2804500020,tellurium,restricted,TELLURIUM,37302,45,KG,828.9333,,,
2026-03,2804500020,tellurium,restricted,TELLURIUM,69301,197,KG,351.7817,4616,1,6.66
2026-04,2804500020,tellurium,restricted,TELLURIUM,277741,1279,KG,217.1548,0,0,0.0
2026-05,2804500020,tellurium,restricted,TELLURIUM,331614,2228,KG,148.8393,172008,1070,51.87
2026-06,2804500020,tellurium,restricted,TELLURIUM,805773,5543,KG,145.3677,4125,32,0.51
2026-07,2804500020,tellurium,restricted,TELLURIUM,595298,5123,KG,116.2011,157236,1026,26.41
2023-01,8101940000,tungsten (unwrought),restricted,"UNWROUGHT TUNGSTEN, INCLUDING BARS AND RODS OBTAINED SIMPLY BY SINTERING",1359430,31371,KG,43.334,1084140,25431,79.75
2023-02,8101940000,tungsten (unwrought),restricted,"UNWROUGHT TUNGSTEN, INCLUDING BARS AND RODS OBTAINED SIMPLY BY SINTERING",1879046,45634,KG,41.1764,1742339,41667,92.72
2023-03,8101940000,tungsten (unwrought),restricted,"UNWROUGHT TUNGSTEN, INCLUDING BARS AND RODS OBTAINED SIMPLY BY SINTERING",2616180,58416,KG,44.7853,2597349,58240,99.28
2023-04,8101940000,tungsten (unwrought),restricted,"UNWROUGHT TUNGSTEN, INCLUDING BARS AND RODS OBTAINED SIMPLY BY SINTERING",3013825,71440,KG,42.1868,3005803,71414,99.73
2023-05,8101940000,tungsten (unwrought),restricted,"UNWROUGHT TUNGSTEN, INCLUDING BARS AND RODS OBTAINED SIMPLY BY SINTERING",1952661,36374,KG,53.6829,1781575,34751,91.24
2023-06,8101940000,tungsten (unwrought),restricted,"UNWROUGHT TUNGSTEN, INCLUDING BARS AND RODS OBTAINED SIMPLY BY SINTERING",593279,8202,KG,72.3335,559399,7701,94.29
2023-07,8101940000,tungsten (unwrought),restricted,"UNWROUGHT TUNGSTEN, INCLUDING BARS AND RODS OBTAINED SIMPLY BY SINTERING",897061,19307,KG,46.463,884064,18502,98.55
2023-08,8101940000,tungsten (unwrought),restricted,"UNWROUGHT TUNGSTEN, INCLUDING BARS AND RODS OBTAINED SIMPLY BY SINTERING",477001,9337,KG,51.0872,469475,9324,98.42
2023-09,8101940000,tungsten (unwrought),restricted,"UNWROUGHT TUNGSTEN, INCLUDING BARS AND RODS OBTAINED SIMPLY BY SINTERING",897549,18916,KG,47.4492,881219,18259,98.18
2023-10,8101940000,tungsten (unwrought),restricted,"UNWROUGHT TUNGSTEN, INCLUDING BARS AND RODS OBTAINED SIMPLY BY SINTERING",1147548,25474,KG,45.0478,1088623,24330,94.87
2023-11,8101940000,tungsten (unwrought),restricted,"UNWROUGHT TUNGSTEN, INCLUDING BARS AND RODS OBTAINED SIMPLY BY SINTERING",1626156,35652,KG,45.6119,1624148,35637,99.88
2023-12,8101940000,tungsten (unwrought),restricted,"UNWROUGHT TUNGSTEN, INCLUDING BARS AND RODS OBTAINED SIMPLY BY SINTERING",852805,16184,KG,52.6943,724415,14631,84.94
2024-01,8101940000,tungsten (unwrought),restricted,"UNWROUGHT TUNGSTEN, INCLUDING BARS AND RODS OBTAINED SIMPLY BY SINTERING",557407,12462,KG,44.7285,513367,10172,92.1
2024-02,8101940000,tungsten (unwrought),restricted,"UNWROUGHT TUNGSTEN, INCLUDING BARS AND RODS OBTAINED SIMPLY BY SINTERING",1603813,43359,KG,36.9892,1573193,42092,98.09
2024-03,8101940000,tungsten (unwrought),restricted,"UNWROUGHT TUNGSTEN, INCLUDING BARS AND RODS OBTAINED SIMPLY BY SINTERING",780669,17910,KG,43.5884,755908,15908,96.83
2024-04,8101940000,tungsten (unwrought),restricted,"UNWROUGHT TUNGSTEN, INCLUDING BARS AND RODS OBTAINED SIMPLY BY SINTERING",1790769,41807,KG,42.8342,1722389,41704,96.18
2024-05,8101940000,tungsten (unwrought),restricted,"UNWROUGHT TUNGSTEN, INCLUDING BARS AND RODS OBTAINED SIMPLY BY SINTERING",635497,13526,KG,46.9834,633016,13499,99.61
2024-06,8101940000,tungsten (unwrought),restricted,"UNWROUGHT TUNGSTEN, INCLUDING BARS AND RODS OBTAINED SIMPLY BY SINTERING",646035,14268,KG,45.2786,623871,13240,96.57
2024-07,8101940000,tungsten (unwrought),restricted,"UNWROUGHT TUNGSTEN, INCLUDING BARS AND RODS OBTAINED SIMPLY BY SINTERING",1311173,26903,KG,48.7371,1279292,26818,97.57
2024-08,8101940000,tungsten (unwrought),restricted,"UNWROUGHT TUNGSTEN, INCLUDING BARS AND RODS OBTAINED SIMPLY BY SINTERING",1185368,24330,KG,48.7204,1170062,24303,98.71
2024-09,8101940000,tungsten (unwrought),restricted,"UNWROUGHT TUNGSTEN, INCLUDING BARS AND RODS OBTAINED SIMPLY BY SINTERING",1290348,29937,KG,43.1021,1215244,25812,94.18
2024-10,8101940000,tungsten (unwrought),restricted,"UNWROUGHT TUNGSTEN, INCLUDING BARS AND RODS OBTAINED SIMPLY BY SINTERING",1719634,37430,KG,45.9427,1666522,35356,96.91
2024-11,8101940000,tungsten (unwrought),restricted,"UNWROUGHT TUNGSTEN, INCLUDING BARS AND RODS OBTAINED SIMPLY BY SINTERING",238421,3035,KG,78.5572,171152,2649,71.79
2024-12,8101940000,tungsten (unwrought),restricted,"UNWROUGHT TUNGSTEN, INCLUDING BARS AND RODS OBTAINED SIMPLY BY SINTERING",3792605,84170,KG,45.0589,2896925,62170,76.38
2025-01,8101940000,tungsten (unwrought),restricted,"UNWROUGHT TUNGSTEN, INCLUDING BARS AND RODS OBTAINED SIMPLY BY SINTERING",5162226,109756,KG,47.0337,4124030,88388,79.89
2025-02,8101940000,tungsten (unwrought),restricted,"UNWROUGHT TUNGSTEN, INCLUDING BARS AND RODS OBTAINED SIMPLY BY SINTERING",178872,3242,KG,55.1733,118828,1794,66.43
2025-03,8101940000,tungsten (unwrought),restricted,"UNWROUGHT TUNGSTEN, INCLUDING BARS AND RODS OBTAINED SIMPLY BY SINTERING",1036998,21986,KG,47.1663,1023928,20943,98.74
2025-04,8101940000,tungsten (unwrought),restricted,"UNWROUGHT TUNGSTEN, INCLUDING BARS AND RODS OBTAINED SIMPLY BY SINTERING",149774,2104,KG,71.1854,141236,2047,94.3
2025-05,8101940000,tungsten (unwrought),restricted,"UNWROUGHT TUNGSTEN, INCLUDING BARS AND RODS OBTAINED SIMPLY BY SINTERING",262380,4568,KG,57.4387,241280,4497,91.96
2025-06,8101940000,tungsten (unwrought),restricted,"UNWROUGHT TUNGSTEN, INCLUDING BARS AND RODS OBTAINED SIMPLY BY SINTERING",117060,4993,KG,23.4448,59974,891,51.23
2025-07,8101940000,tungsten (unwrought),restricted,"UNWROUGHT TUNGSTEN, INCLUDING BARS AND RODS OBTAINED SIMPLY BY SINTERING",1616903,32524,KG,49.7141,1591629,32357,98.44
2025-08,8101940000,tungsten (unwrought),restricted,"UNWROUGHT TUNGSTEN, INCLUDING BARS AND RODS OBTAINED SIMPLY BY SINTERING",2084985,37503,KG,55.5952,1787935,32503,85.75
2025-09,8101940000,tungsten (unwrought),restricted,"UNWROUGHT TUNGSTEN, INCLUDING BARS AND RODS OBTAINED SIMPLY BY SINTERING",719045,11409,KG,63.0244,334653,5609,46.54
2025-10,8101940000,tungsten (unwrought),restricted,"UNWROUGHT TUNGSTEN, INCLUDING BARS AND RODS OBTAINED SIMPLY BY SINTERING",4639584,68552,KG,67.6798,2308445,38182,49.76
2025-11,8101940000,tungsten (unwrought),restricted,"UNWROUGHT TUNGSTEN, INCLUDING BARS AND RODS OBTAINED SIMPLY BY SINTERING",1343331,26892,KG,49.9528,31743,231,2.36
2025-12,8101940000,tungsten (unwrought),restricted,"UNWROUGHT TUNGSTEN, INCLUDING BARS AND RODS OBTAINED SIMPLY BY SINTERING",4625418,68405,KG,67.6181,1869827,20290,40.43
2026-01,8101940000,tungsten (unwrought),restricted,"UNWROUGHT TUNGSTEN, INCLUDING BARS AND RODS OBTAINED SIMPLY BY SINTERING",1588592,25318,KG,62.7456,997766,20405,62.81
2026-02,8101940000,tungsten (unwrought),restricted,"UNWROUGHT TUNGSTEN, INCLUDING BARS AND RODS OBTAINED SIMPLY BY SINTERING",2863081,38528,KG,74.3117,1395523,22992,48.74
2026-03,8101940000,tungsten (unwrought),restricted,"UNWROUGHT TUNGSTEN, INCLUDING BARS AND RODS OBTAINED SIMPLY BY SINTERING",6776780,58211,KG,116.4175,3276681,42560,48.35
2026-04,8101940000,tungsten (unwrought),restricted,"UNWROUGHT TUNGSTEN, INCLUDING BARS AND RODS OBTAINED SIMPLY BY SINTERING",2106306,28745,KG,73.2756,70150,926,3.33
2026-05,8101940000,tungsten (unwrought),restricted,"UNWROUGHT TUNGSTEN, INCLUDING BARS AND RODS OBTAINED SIMPLY BY SINTERING",9698858,55194,KG,175.723,3598284,28105,37.1
2026-06,8101940000,tungsten (unwrought),restricted,"UNWROUGHT TUNGSTEN, INCLUDING BARS AND RODS OBTAINED SIMPLY BY SINTERING",12449457,35739,KG,348.3437,12010701,28510,96.48
2026-07,8101940000,tungsten (unwrought),restricted,"UNWROUGHT TUNGSTEN, INCLUDING BARS AND RODS OBTAINED SIMPLY BY SINTERING",2939976,10755,KG,273.359,2599,221,0.09
2023-01,2841800010,tungsten APT,restricted,TUNGSTATES (WOLFRAMATES) OF AMMONIUM (TUNGSTEN CONTENT),5655564,184480,KG,30.6568,,,
2023-02,2841800010,tungsten APT,restricted,TUNGSTATES (WOLFRAMATES) OF AMMONIUM (TUNGSTEN CONTENT),2050754,70000,KG,29.2965,,,
2023-03,2841800010,tungsten APT,restricted,TUNGSTATES (WOLFRAMATES) OF AMMONIUM (TUNGSTEN CONTENT),2529165,21547,KG,117.379,,,
2023-04,2841800010,tungsten APT,restricted,TUNGSTATES (WOLFRAMATES) OF AMMONIUM (TUNGSTEN CONTENT),4878008,153378,KG,31.8038,,,
2023-05,2841800010,tungsten APT,restricted,TUNGSTATES (WOLFRAMATES) OF AMMONIUM (TUNGSTEN CONTENT),3259258,83003,KG,39.2667,,,
2023-06,2841800010,tungsten APT,restricted,TUNGSTATES (WOLFRAMATES) OF AMMONIUM (TUNGSTEN CONTENT),3357492,90665,KG,37.0318,,,
2023-07,2841800010,tungsten APT,restricted,TUNGSTATES (WOLFRAMATES) OF AMMONIUM (TUNGSTEN CONTENT),8111726,232754,KG,34.8511,,,
2023-08,2841800010,tungsten APT,restricted,TUNGSTATES (WOLFRAMATES) OF AMMONIUM (TUNGSTEN CONTENT),5566146,184566,KG,30.158,,,
2023-09,2841800010,tungsten APT,restricted,TUNGSTATES (WOLFRAMATES) OF AMMONIUM (TUNGSTEN CONTENT),5701684,156160,KG,36.5118,,,
2023-10,2841800010,tungsten APT,restricted,TUNGSTATES (WOLFRAMATES) OF AMMONIUM (TUNGSTEN CONTENT),6350093,205869,KG,30.8453,,,
2023-11,2841800010,tungsten APT,restricted,TUNGSTATES (WOLFRAMATES) OF AMMONIUM (TUNGSTEN CONTENT),2797836,96050,KG,29.129,,,
2023-12,2841800010,tungsten APT,restricted,TUNGSTATES (WOLFRAMATES) OF AMMONIUM (TUNGSTEN CONTENT),3257028,117050,KG,27.826,,,
2024-01,2841800010,tungsten APT,restricted,TUNGSTATES (WOLFRAMATES) OF AMMONIUM (TUNGSTEN CONTENT),4681490,165458,KG,28.2941,,,
2024-02,2841800010,tungsten APT,restricted,TUNGSTATES (WOLFRAMATES) OF AMMONIUM (TUNGSTEN CONTENT),1484197,50000,KG,29.6839,,,
2024-03,2841800010,tungsten APT,restricted,TUNGSTATES (WOLFRAMATES) OF AMMONIUM (TUNGSTEN CONTENT),4076453,137211,KG,29.7094,,,
2024-04,2841800010,tungsten APT,restricted,TUNGSTATES (WOLFRAMATES) OF AMMONIUM (TUNGSTEN CONTENT),2891246,96000,KG,30.1171,,,
2024-05,2841800010,tungsten APT,restricted,TUNGSTATES (WOLFRAMATES) OF AMMONIUM (TUNGSTEN CONTENT),3524952,114000,KG,30.9206,,,
2024-06,2841800010,tungsten APT,restricted,TUNGSTATES (WOLFRAMATES) OF AMMONIUM (TUNGSTEN CONTENT),8588734,263988,KG,32.5346,,,
2024-07,2841800010,tungsten APT,restricted,TUNGSTATES (WOLFRAMATES) OF AMMONIUM (TUNGSTEN CONTENT),7698892,241100,KG,31.9324,,,
2024-08,2841800010,tungsten APT,restricted,TUNGSTATES (WOLFRAMATES) OF AMMONIUM (TUNGSTEN CONTENT),2427486,79050,KG,30.7082,,,
2024-09,2841800010,tungsten APT,restricted,TUNGSTATES (WOLFRAMATES) OF AMMONIUM (TUNGSTEN CONTENT),2312717,74489,KG,31.0478,,,
2024-10,2841800010,tungsten APT,restricted,TUNGSTATES (WOLFRAMATES) OF AMMONIUM (TUNGSTEN CONTENT),99596,2800,KG,35.57,,,
2024-11,2841800010,tungsten APT,restricted,TUNGSTATES (WOLFRAMATES) OF AMMONIUM (TUNGSTEN CONTENT),3302350,107000,KG,30.8631,,,
2024-12,2841800010,tungsten APT,restricted,TUNGSTATES (WOLFRAMATES) OF AMMONIUM (TUNGSTEN CONTENT),1772630,55000,KG,32.2296,,,
2025-01,2841800010,tungsten APT,restricted,TUNGSTATES (WOLFRAMATES) OF AMMONIUM (TUNGSTEN CONTENT),1875040,59000,KG,31.7803,,,
2025-02,2841800010,tungsten APT,restricted,TUNGSTATES (WOLFRAMATES) OF AMMONIUM (TUNGSTEN CONTENT),8558676,279651,KG,30.6048,,,
2025-03,2841800010,tungsten APT,restricted,TUNGSTATES (WOLFRAMATES) OF AMMONIUM (TUNGSTEN CONTENT),4334795,143051,KG,30.3024,,,
2025-04,2841800010,tungsten APT,restricted,TUNGSTATES (WOLFRAMATES) OF AMMONIUM (TUNGSTEN CONTENT),4748793,148525,KG,31.973,,,
2025-05,2841800010,tungsten APT,restricted,TUNGSTATES (WOLFRAMATES) OF AMMONIUM (TUNGSTEN CONTENT),3932416,122171,KG,32.1878,,,
2025-06,2841800010,tungsten APT,restricted,TUNGSTATES (WOLFRAMATES) OF AMMONIUM (TUNGSTEN CONTENT),6595018,198050,KG,33.2998,,,
2025-07,2841800010,tungsten APT,restricted,TUNGSTATES (WOLFRAMATES) OF AMMONIUM (TUNGSTEN CONTENT),6723402,170258,KG,39.4895,,,
2025-08,2841800010,tungsten APT,restricted,TUNGSTATES (WOLFRAMATES) OF AMMONIUM (TUNGSTEN CONTENT),1518074,37857,KG,40.1002,,,
2025-09,2841800010,tungsten APT,restricted,TUNGSTATES (WOLFRAMATES) OF AMMONIUM (TUNGSTEN CONTENT),8297889,220840,KG,37.5742,,,
2025-10,2841800010,tungsten APT,restricted,TUNGSTATES (WOLFRAMATES) OF AMMONIUM (TUNGSTEN CONTENT),5417342,132955,KG,40.7457,,,
2025-11,2841800010,tungsten APT,restricted,TUNGSTATES (WOLFRAMATES) OF AMMONIUM (TUNGSTEN CONTENT),2887200,90000,KG,32.08,,,
2025-12,2841800010,tungsten APT,restricted,TUNGSTATES (WOLFRAMATES) OF AMMONIUM (TUNGSTEN CONTENT),4081694,100000,KG,40.8169,,,
2026-01,2841800010,tungsten APT,restricted,TUNGSTATES (WOLFRAMATES) OF AMMONIUM (TUNGSTEN CONTENT),2240,3,KG,746.6667,,,
2026-02,2841800010,tungsten APT,restricted,TUNGSTATES (WOLFRAMATES) OF AMMONIUM (TUNGSTEN CONTENT),1802982,35012,KG,51.4961,,,
2026-03,2841800010,tungsten APT,restricted,TUNGSTATES (WOLFRAMATES) OF AMMONIUM (TUNGSTEN CONTENT),8715358,113000,KG,77.1271,,,
2026-04,2841800010,tungsten APT,restricted,TUNGSTATES (WOLFRAMATES) OF AMMONIUM (TUNGSTEN CONTENT),10724069,133777,KG,80.1638,,,
2026-05,2841800010,tungsten APT,restricted,TUNGSTATES (WOLFRAMATES) OF AMMONIUM (TUNGSTEN CONTENT),14412027,201915,KG,71.3767,,,
2026-06,2841800010,tungsten APT,restricted,TUNGSTATES (WOLFRAMATES) OF AMMONIUM (TUNGSTEN CONTENT),43189175,200000,KG,215.9459,,,
2026-07,2841800010,tungsten APT,restricted,TUNGSTATES (WOLFRAMATES) OF AMMONIUM (TUNGSTEN CONTENT),13914861,143003,KG,97.3047,,,
